gene_u,gene_v,bucket_pen,pen_diff,dist_diff,ppr_diff,model_score,composite_score,novelty_weight,confidence,global_rank,rank_in_bucket
RAP1GAP,PHB2,4,0.8019236206825244,0.3649635036496352,-0.0020924814491307,1.6530578307513428,0.9999999999998475,1.0,High,1,1
PIN1,TERF2,4,0.8112628440556247,0.5496350364963507,-0.00167914305241,1.0825171250138172,0.9129563486426824,1.0,High,2,2
MDFI,TERF2,4,0.8479772727272774,0.5675182481751824,-0.0015825678363509,1.019133203082735,0.9032862796244046,1.0,High,3,3
TERF2,STK11,4,0.8186747658152012,0.4452098540145988,-0.0016649743492927,0.991833976555023,0.8991214157815579,1.0,High,4,4
RAP1GAP,CLSPN,4,0.8203402467709306,0.3943886861313865,-0.0024480892932935,0.990190406549708,0.8988706670916133,1.0,High,5,5
PIAS4,TERF2,4,0.8926004601163697,0.4847171532846719,-0.001825636913668,0.9774487450810794,0.8969267554172435,1.0,High,6,6
RAPGEF1,TERF2,4,0.8455516011224411,0.4727189781021899,-0.0017377570190005,0.9774487450810794,0.8969267554172435,1.0,High,7,7
CHEK1,TERF2,4,0.8317583151075096,0.4770529197080293,-0.0015028307585859,0.9377142000333272,0.8908647166333479,1.0,High,8,8
HNF4A,TERF2,4,0.819246748235857,0.5684306569343067,-0.001800704998766,0.8448544122455701,0.8766977081937848,1.0,High,9,9
PRKAA1,TERF2,4,0.8187542318326084,0.5954379562043797,-0.0015632448458578,0.8137761738834932,0.8719563053147621,1.0,High,10,10
PLK4,TERF2,4,0.8249331242520501,0.5437956204379564,-0.0009323430383211,0.7846204489777451,0.8675082076974663,1.0,High,11,11
PHB2,TERF2,4,0.8447773593859438,0.4471715328467156,-0.0009886606000437,0.7233191363820894,0.8581558687185755,1.0,High,12,12
TERF2,FOXA2,4,0.9309127388272048,0.6073448905109493,-0.0020061600503753,0.6011259888161635,0.8395136620749428,1.0,High,13,13
RASGRP3,TERF2,4,0.8330695064581235,0.452189781021898,-0.0020063094993141,0.6011259888161635,0.8395136620749428,1.0,High,14,14
RAP1GAP,PPM1D,4,0.8407263731275432,0.5491332116788326,-0.0021368339441297,0.6011259888161635,0.8395136620749428,1.0,High,15,15
KSR1,FOXA2,4,0.8555580798910487,0.6453467153284667,-0.0022244467839902,0.6011259888161635,0.8395136620749428,1.0,High,16,16
TERF2,SIPA1,4,0.8600706784137273,0.4780109489051098,-0.0020314471266942,0.6011259888161635,0.8395136620749428,1.0,High,17,17
KSR1,TERF2,4,0.934261009780042,0.6412864963503648,-0.0020922515709355,0.6011259888161635,0.8395136620749428,1.0,High,18,18
TERF2,PPP2R2A,4,0.7994379523789767,0.4934762773722627,-0.0016449907042246,0.5314295301765091,0.8288805307564386,1.0,High,19,19
PIAS4,FOXA2,4,0.8138975302273757,0.4887773722627742,-0.0019578321267227,0.5066442746136808,0.8250992069660175,1.0,High,20,20
RAP1GAP,MDC1,4,0.8157983885610509,0.5544251824817521,-0.0021859349695482,0.5066442746136808,0.8250992069660175,1.0,High,21,21
PIAS4,KSR1,4,0.8172458011802126,0.5227189781021897,-0.0020439236472828,0.5066442746136808,0.8250992069660175,1.0,High,22,22
CHEK2,TERF2,4,0.8002211405933943,0.5444799270072993,-0.000987924001229,-0.7956946090687015,0.6264099099533,1.0,High,23,23
MDC1,TERF2,4,0.8586521272644685,0.6366332116788325,-0.0010821141204611,-0.8680787325079653,0.6153667392538551,1.0,High,24,24
PPM1D,TERF2,4,0.883580111830959,0.6313412408759129,-0.0010330130950427,-0.8680787325079653,0.6153667392538551,1.0,High,25,25
CLSPN,TERF2,4,0.8631939854743482,0.4765967153284669,-0.0013442684442065,-0.8680787325079653,0.6153667392538551,1.0,High,26,26
DDR1,TERF2,4,0.834902973218334,0.5494525547445255,-0.001071208756714,-0.9494977355573733,0.6029451762627984,1.0,High,27,27
PPM1D,FOXA2,4,0.8048771819419667,0.6354014598540152,-0.0011652083080974,-1.0007433180816543,0.5951269740311589,1.0,High,28,28
DDB1,TERF2,4,0.8220316159781973,0.4817974452554745,-0.0011720008777659,-1.1115483803402348,0.5782221728296792,1.0,High,29,29
YWHAZ,TERF2,4,0.8075095530887504,0.4882299270072994,-0.0012639049449751,-1.435240682906055,0.5288385624260787,1.0,High,30,30
PPM1D,KSR1,4,0.8082254528948027,0.6693430656934307,-0.0012512998286576,-1.435240682906055,0.5288385624260787,1.0,High,31,31
CDCA4,TERF2,4,0.8012591239219269,0.5926094890510951,-0.0010661757775087,-1.541426985037579,0.5126384151470255,1.0,High,32,32
CDK3,TERF2,4,0.7998937481946058,0.623585766423358,-0.0010094217081739,-1.541426985037579,0.5126384151470255,1.0,High,33,33
ARID3A,TERF2,4,0.801541783931004,0.5930656934306571,-0.0010661757775087,-1.541426985037579,0.5126384151470255,1.0,High,34,34
RAP1GAP,RAPGEF1,4,0.8026978624190253,0.3905109489051095,-0.0028415778680875,-1.8156740480024343,0.4707983404698275,1.0,High,35,35
PIAS4,RAP1GAP,4,0.8497467214129513,0.4025091240875915,-0.002929457762755,-1.9384174937916911,0.452072178437539,1.0,High,36,36
RAP1GAP,RHEB,4,0.8286229562992506,0.372445255474453,-0.0038423807074204,-1.9384174937916911,0.452072178437539,1.0,High,37,37
RAP1GAP,SIPA1,4,0.8172169397103097,0.395802919708029,-0.0031352679757812,-2.0796190519466715,0.4305299833311572,1.0,High,38,38
RIT1,INPP5D,4,0.800590985433093,0.4191605839416059,-0.0092802624310987,-2.142817423909292,0.42088822245391405,1.0,High,39,39
MAP2,INPP5D,4,0.8011768910163877,0.4191605839416059,-0.0092802624310987,-2.142817423909292,0.42088822245391405,1.0,High,40,40
PIAS4,ETV5,4,0.8025604568150975,0.3985401459854012,-0.0099738966307428,-2.142817423909292,0.42088822245391405,1.0,High,41,41
TERF2IP,TSC2,4,0.8003838752940169,0.3666058394160583,-0.0054870469406248,-2.142817423909292,0.42088822245391405,1.0,High,42,42
TERF2IP,RASGRP2,4,0.8076880493541925,0.386861313868613,-0.0053656985710708,-2.142817423909292,0.42088822245391405,1.0,High,43,43
INPP5D,RIT2,4,0.800601312260147,0.4191605839416059,-0.0092802624310987,-2.142817423909292,0.42088822245391405,1.0,High,44,44
ETV4,TERF2,4,0.8228110221598541,0.4042427007299269,-0.0100178455528012,-2.2274482510655225,0.40797665253615895,1.0,High,45,45
RASGRF2,TERF2IP,4,0.830239285272139,0.3994069343065689,-0.0054412117177746,-2.2274482510655225,0.40797665253615895,1.0,High,46,46
FOXM1,RIT2,4,0.8034959002187128,0.3469890510948903,-0.007577522457365,-2.3125026646691653,0.3950004588138665,1.0,High,47,47
FOXM1,MAP2,4,0.8040714789749535,0.3469890510948903,-0.007577522457365,-2.3125026646691653,0.3950004588138665,1.0,High,48,48
FOXM1,RIT1,4,0.8034855733916588,0.3469890510948903,-0.007577522457365,-2.3125026646691653,0.3950004588138665,1.0,High,49,49
FLOT2,TERF2IP,4,0.8432767775347578,0.3273266423357661,-0.0056718584935154,-2.3971334918253957,0.38208888889611137,1.0,High,50,50
FOXM1,TERF2IP,4,0.8485104712581979,0.352782846715328,-0.0051535869423676,-2.3971334918253957,0.38208888889611137,1.0,High,51,51
FCGR2B,TERF2IP,4,0.8199694920150229,0.4202098540145984,-0.005635771761506,-2.4067624278535296,0.3806198653152437,1.0,High,52,52
CEACAM1,MAP2,4,0.8183420170841309,0.4214416058394166,-0.0075387345715149,-2.4067624278535296,0.3806198653152437,1.0,High,53,53
CEACAM1,RIT2,4,0.8177664383278884,0.4214416058394166,-0.0075387345715149,-2.4067624278535296,0.3806198653152437,1.0,High,54,54
CEACAM1,RIT1,4,0.8177561115008345,0.4214416058394166,-0.0075387345715149,-2.4067624278535296,0.3806198653152437,1.0,High,55,55
PDX1,TERF2IP,4,0.8151179527916419,0.3942518248175179,-0.0049757138205709,-2.4067624278535296,0.3806198653152437,1.0,High,56,56
RAP1GAP,ELK4,4,0.8186191474435525,0.397445255474453,-0.0110959502441868,-2.4067624278535296,0.3806198653152437,1.0,High,57,57
TERF2IP,RIT2,4,1.126493999917466,0.6678375912408763,-0.0122595606949741,-2.4652003823082316,0.3717043700974125,1.0,High,58,58
MAP2,TERF2IP,4,1.1270695786737086,0.6678375912408763,-0.0122595606949741,-2.4652003823082316,0.3717043700974125,1.0,High,59,59
RIT1,TERF2IP,4,1.1264836730904122,0.6678375912408763,-0.0122595606949741,-2.4652003823082316,0.3717043700974125,1.0,High,60,60
TERF2IP,TLK1,4,1.120314915610951,0.6914233576642337,-0.0151105026388333,-2.4652003823082316,0.3717043700974125,1.0,High,61,61
DDX5,TERF2IP,4,1.1161859984319022,0.6925638686131386,-0.0177154159590374,-2.4652003823082316,0.3717043700974125,1.0,High,62,62
RAP1GAP,MDFI,4,0.8051235340238598,0.485310218978102,-0.0026863886854379,-2.5464953369004935,0.35930173236540675,1.0,High,63,63
MARK2,TERF2IP,4,0.8196924854537144,0.3284671532846714,-0.0059171107773901,-2.5764476686134032,0.3547321016751961,1.0,High,64,64
RAP1GAP,KSR1,4,0.8914072710766252,0.5590784671532845,-0.0031960724200225,-2.58460795553352,0.35348714025087336,1.0,High,65,65
BRSK2,TERF2,4,0.9072271489291506,0.6249087591240872,-0.0037828849892001,-2.58460795553352,0.35348714025087336,1.0,High,66,66
BRSK1,TERF2,4,0.9072249019931532,0.6249087591240872,-0.0037828849892001,-2.58460795553352,0.35348714025087336,1.0,High,67,67
RAP1GAP,FOXA2,4,0.8880590001237882,0.5251368613138685,-0.0031099808994623,-2.58460795553352,0.35348714025087336,1.0,High,68,68
BRSK2,KSR1,4,0.8318724899929926,0.6629105839416054,-0.004001171722815,-2.58460795553352,0.35348714025087336,1.0,High,69,69
RHEB,TERF2,4,0.87147669500267,0.454653284671533,-0.0027385598583334,-2.58460795553352,0.35348714025087336,1.0,High,70,70
TERF2,DOK1,4,0.8339663557958126,0.551459854014599,-0.0028632703085725,-2.58460795553352,0.35348714025087336,1.0,High,71,71
BRSK2,FOXA2,4,0.8285242190401583,0.628968978102189,-0.0039150802022548,-2.58460795553352,0.35348714025087336,1.0,High,72,72
BRSK1,FOXA2,4,0.828521972104161,0.628968978102189,-0.0039150802022548,-2.58460795553352,0.35348714025087336,1.0,High,73,73
BRSK1,KSR1,4,0.8318702430569953,0.6629105839416054,-0.004001171722815,-2.58460795553352,0.35348714025087336,1.0,High,74,74
RAP1GAP,TERF2,4,0.9667619300127832,0.5210766423357667,-0.0029777856864076,-2.6461667044535067,0.3440955259013801,1.0,High,75,75
TLK1,RIT2,4,1.0753003445714668,0.685629562043796,-0.0175344381538307,-2.6579639441911356,0.3422956984528343,1.0,High,76,76
RIT1,RIT2,4,1.081469102050928,0.6620437956204381,-0.0146834962099715,-2.6579639441911356,0.3422956984528343,1.0,High,77,77
TERF2,RIT2,4,1.0455475487970904,0.6326642335766426,-0.0082787305236461,-2.6579639441911356,0.3422956984528343,1.0,High,78,78
MAP2,TLK1,4,1.0758759233277075,0.685629562043796,-0.0175344381538307,-2.6579639441911356,0.3422956984528343,1.0,High,79,79
RIT1,MAP2,4,1.0820446808071704,0.6620437956204381,-0.0146834962099715,-2.6579639441911356,0.3422956984528343,1.0,High,80,80
RIT1,TERF2,4,1.0455372219700363,0.6326642335766426,-0.0082787305236461,-2.6579639441911356,0.3422956984528343,1.0,High,81,81
MAP2,TERF2,4,1.046123127553333,0.6326642335766426,-0.0082787305236461,-2.6579639441911356,0.3422956984528343,1.0,High,82,82
DDX5,RIT2,4,1.071171427392418,0.6867700729927009,-0.0201393514740348,-2.6579639441911356,0.3422956984528343,1.0,High,83,83
RAP1GAP,TERF2IP,4,1.047708381133159,0.5562499999999999,-0.0069586158577357,-2.6579639441911356,0.3422956984528343,1.0,High,84,84
ETV1,TERF2IP,4,1.0328272562208485,0.6311587591240873,-0.0140622616333875,-2.6579639441911356,0.3422956984528343,1.0,High,85,85
DDX5,MAP2,4,1.0717470061486587,0.6867700729927009,-0.0201393514740348,-2.6579639441911356,0.3422956984528343,1.0,High,86,86
DDX5,TLK1,4,1.064992343085903,0.7103558394160583,-0.022990293417894,-2.6579639441911356,0.3422956984528343,1.0,High,87,87
TERF2,TLK1,4,1.0393684644905736,0.65625,-0.0111296724675053,-2.6579639441911356,0.3422956984528343,1.0,High,88,88
MAP2,RIT2,4,1.0820550076342226,0.6620437956204381,-0.0146834962099715,-2.6579639441911356,0.3422956984528343,1.0,High,89,89
BRAF,TERF2IP,4,1.068876476292651,0.6687500000000002,-0.0141517385292134,-2.6579639441911356,0.3422956984528343,1.0,High,90,90
TERF2IP,KCNA2,4,1.0389073824949335,0.6300182481751824,-0.0121879791783133,-2.6579639441911356,0.3422956984528343,1.0,High,91,91
DDX5,RIT1,4,1.0711611005653623,0.6867700729927009,-0.0201393514740348,-2.6579639441911356,0.3422956984528343,1.0,High,92,92
RIT1,TLK1,4,1.075290017744413,0.685629562043796,-0.0175344381538307,-2.6579639441911356,0.3422956984528343,1.0,High,93,93
TERF2IP,TERF2,4,1.0905621198365765,0.6384580291970803,-0.0058547950086487,-2.6579639441911356,0.3422956984528343,1.0,High,94,94
DDX5,TERF2,4,1.0352395473115266,0.6573905109489049,-0.0137345857877094,-2.6579639441911356,0.3422956984528343,1.0,High,95,95
BRAF,MAP2,4,1.0244374840094066,0.662956204379562,-0.0165756740442108,-2.683795372769239,0.33835476691087996,1.0,High,96,96
BRAF,RIT2,4,1.023861905253164,0.662956204379562,-0.0165756740442108,-2.683795372769239,0.33835476691087996,1.0,High,97,97
DDX5,BRAF,4,1.0135539037676011,0.6876824817518248,-0.0220315293082742,-2.683795372769239,0.33835476691087996,1.0,High,98,98
RIT1,BRAF,4,1.023851578426112,0.662956204379562,-0.0165756740442108,-2.683795372769239,0.33835476691087996,1.0,High,99,99
KSR1,TERF2IP,4,1.0152074609004185,0.6764598540145985,-0.0060730817422635,-2.683795372769239,0.33835476691087996,1.0,High,100,100
BRAF,TLK1,4,1.0176828209466482,0.6865419708029199,-0.0194266159880701,-2.683795372769239,0.33835476691087996,1.0,High,101,101
RAP1GAP,RIT1,4,1.002683483266619,0.5504562043795618,-0.0093825513727331,-2.8341557785103833,0.31541526653231267,1.0,High,102,102
RAP1GAP,MAP2,4,1.0032693888499136,0.5504562043795618,-0.0093825513727331,-2.8341557785103833,0.31541526653231267,1.0,High,103,103
TERF2IP,FOXA2,4,1.0118591899475815,0.6425182481751825,-0.0059869902217034,-2.8341557785103833,0.31541526653231267,1.0,High,104,104
RAP1GAP,RIT2,4,1.002693810093671,0.5504562043795618,-0.0093825513727331,-2.8341557785103833,0.31541526653231267,1.0,High,105,105
PPP5C,RIT2,4,0.825903437461319,0.5953010948905111,-0.0091230109606722,-2.8736387128073515,0.30939161434949325,1.0,High,106,106
HOXB13,RIT1,4,0.827051867288402,0.5382299270072997,-0.0103252123270848,-2.8736387128073515,0.30939161434949325,1.0,High,107,107
HOXB13,RIT2,4,0.8270621941154559,0.5382299270072997,-0.0103252123270848,-2.8736387128073515,0.30939161434949325,1.0,High,108,108
PPP5C,MAP2,4,0.8264790162175615,0.5953010948905111,-0.0091230109606722,-2.8736387128073515,0.30939161434949325,1.0,High,109,109
TERF2IP,TCF4,4,0.8261092559732504,0.5108120437956201,-0.0066560706481105,-2.8736387128073515,0.30939161434949325,1.0,High,110,110
MDFI,BRAF,4,0.826291629183352,0.5978102189781023,-0.0098795113569157,-2.8736387128073515,0.30939161434949325,1.0,High,111,111
TNK2,TERF2IP,4,0.8268255766929347,0.5047445255474452,-0.0053371128970851,-2.8736387128073515,0.30939161434949325,1.0,High,112,112
YWHAB,TERF2IP,4,0.8267090248834332,0.5675638686131386,-0.004937600266618,-2.8736387128073515,0.30939161434949325,1.0,High,113,113
YWHAG,TERF2IP,4,0.8267090248834332,0.5675638686131386,-0.004937600266618,-2.8736387128073515,0.30939161434949325,1.0,High,114,114
DDX5,CDCA4,4,0.8268830025172544,0.646715328467153,-0.0129267967278974,-2.8736387128073515,0.30939161434949325,1.0,High,115,115
TERF2IP,YWHAE,4,0.8267095695951898,0.5675638686131386,-0.004937600266618,-2.8736387128073515,0.30939161434949325,1.0,High,116,116
RIT1,PPP5C,4,0.8258931106342651,0.5953010948905111,-0.0091230109606722,-2.8736387128073515,0.30939161434949325,1.0,High,117,117
ATRIP,RIT2,4,0.8267432076094536,0.4293339416058392,-0.0074497201024788,-2.8736387128073515,0.30939161434949325,1.0,High,118,118
ATRIP,RIT1,4,0.8267328807824015,0.4293339416058392,-0.0074497201024788,-2.8736387128073515,0.30939161434949325,1.0,High,119,119
DDX5,PPP2R2A,4,0.8250618309743061,0.547582116788321,-0.0135056116546133,-2.8736387128073515,0.30939161434949325,1.0,High,120,120
PPM1D,ETV1,4,0.8258452482152343,0.6240419708029199,-0.0092404797197815,-2.8736387128073515,0.30939161434949325,1.0,High,121,121
ETV5,FOXA1,4,0.8238850740725532,0.5002737226277372,-0.018703134797479,-2.8736387128073515,0.30939161434949325,1.0,High,122,122
RAP2B,RIT1,4,0.8226045268848168,0.4942974452554747,-0.0077297333416693,-2.8736387128073515,0.30939161434949325,1.0,High,123,123
RAP2B,RIT2,4,0.8226148537118707,0.4942974452554747,-0.0077297333416693,-2.8736387128073515,0.30939161434949325,1.0,High,124,124
TERF2IP,NBN,4,0.822665679032724,0.4423357664233576,-0.0048868641016772,-2.8736387128073515,0.30939161434949325,1.0,High,125,125
MAP2,PLCE1,4,0.8227423864152144,0.4956660583941605,-0.007883470458833,-2.8736387128073515,0.30939161434949325,1.0,High,126,126
BRAF,PHB2,4,0.8230917158420166,0.4774635036496351,-0.0092856041206084,-2.8736387128073515,0.30939161434949325,1.0,High,127,127
RAP2B,MAP2,4,0.8231904324681132,0.4942974452554747,-0.0077297333416693,-2.8736387128073515,0.30939161434949325,1.0,High,128,128
PAK2,TERF2IP,4,0.8233144451780525,0.6089416058394161,-0.005513220594284,-2.8736387128073515,0.30939161434949325,1.0,High,129,129
RAPGEF3,TERF2IP,4,0.8237964408038572,0.4479470802919709,-0.0055576876859094,-2.8736387128073515,0.30939161434949325,1.0,High,130,130
PPP2R1A,TLK1,4,0.8238133763875837,0.6552463503649633,-0.0107365452199101,-2.8736387128073515,0.30939161434949325,1.0,High,131,131
RAPGEF1,BRAF,4,0.8238659575785174,0.5030109489051093,-0.0100347005395653,-2.8736387128073515,0.30939161434949325,1.0,High,132,132
RRAS2,RIT1,4,0.824759041389834,0.6244525547445257,-0.0083771297758004,-2.8736387128073515,0.30939161434949325,1.0,High,133,133
DDX5,CHEK2,4,0.8258450191887228,0.5985857664233576,-0.0128485449516177,-2.8736387128073515,0.30939161434949325,1.0,High,134,134
RRAS2,RIT2,4,0.8247693682168897,0.6244525547445257,-0.0083771297758004,-2.8736387128073515,0.30939161434949325,1.0,High,135,135
RIT1,RRAS,4,0.8248592229604217,0.6244525547445257,-0.0083771297758004,-2.8736387128073515,0.30939161434949325,1.0,High,136,136
RRAS,RIT2,4,0.8248695497874756,0.6244525547445257,-0.0083771297758004,-2.8736387128073515,0.30939161434949325,1.0,High,137,137
CERK,ETV5,4,0.8250384021788495,0.4686587591240871,-0.0164502736964587,-2.8736387128073515,0.30939161434949325,1.0,High,138,138
GK,FOXA2,4,0.8271897618949273,0.5447992700729927,-0.0047831217330691,-2.8736387128073515,0.30939161434949325,1.0,High,139,139
TERF2IP,SOS2,4,0.825178079478393,0.4269160583941604,-0.005450478179091,-2.8736387128073515,0.30939161434949325,1.0,High,140,140
TERF2IP,ILF3,4,0.8251953493170312,0.5267791970802915,-0.0049806692319729,-2.8736387128073515,0.30939161434949325,1.0,High,141,141
RRAS2,MAP2,4,0.8253449469731304,0.6244525547445257,-0.0083771297758004,-2.8736387128073515,0.30939161434949325,1.0,High,142,142
RRAS,MAP2,4,0.8254451285437163,0.6244525547445257,-0.0083771297758004,-2.8736387128073515,0.30939161434949325,1.0,High,143,143
DDX5,CDK3,4,0.8255176267899333,0.6776916058394162,-0.0128700426585626,-2.8736387128073515,0.30939161434949325,1.0,High,144,144
DDX5,ARID3A,4,0.8271656625263315,0.6471715328467154,-0.0129267967278974,-2.8736387128073515,0.30939161434949325,1.0,High,145,145
DDX5,ETV4,4,0.8484349007551817,0.4583485401459848,-0.02187846650319,-2.8736387128073515,0.30939161434949325,1.0,High,146,146
ATRIP,MAP2,4,0.8273187863656961,0.4293339416058392,-0.0074497201024788,-2.8736387128073515,0.30939161434949325,1.0,High,147,147
HOXB13,MAP2,4,0.8276377728716966,0.5382299270072997,-0.0103252123270848,-2.8736387128073515,0.30939161434949325,1.0,High,148,148
CDK3,MAP2,4,0.8364012070317379,0.6529653284671539,-0.0074141873944993,-2.8736387128073515,0.30939161434949325,1.0,High,149,149
CHEK2,MAP2,4,0.8367285994305274,0.5738594890510953,-0.0073926896875544,-2.8736387128073515,0.30939161434949325,1.0,High,150,150
DDX5,PIN1,4,0.8368867226509522,0.6037408759124085,-0.0135397640027988,-2.8736387128073515,0.30939161434949325,1.0,High,151,151
BRAF,MDC1,4,0.8369664837205422,0.6669251824817524,-0.0093790576410259,-2.8736387128073515,0.30939161434949325,1.0,High,152,152
RIT1,CDCA4,4,0.8371806771757662,0.6219890510948907,-0.0074709414638341,-2.8736387128073515,0.30939161434949325,1.0,High,153,153
CDCA4,RIT2,4,0.8371910040028183,0.6219890510948907,-0.0074709414638341,-2.8736387128073515,0.30939161434949325,1.0,High,154,154
YWHAZ,TLK1,4,0.8372623488631259,0.5411952554744528,-0.0105196125751598,-2.8736387128073515,0.30939161434949325,1.0,High,155,155
VAV3,TERF2IP,4,0.8372844179424686,0.4958485401459853,-0.0059382391629809,-2.8736387128073515,0.30939161434949325,1.0,High,156,156
ARID3A,RIT1,4,0.8374633371848432,0.6224452554744531,-0.0074709414638341,-2.8736387128073515,0.30939161434949325,1.0,High,157,157
ARID3A,RIT2,4,0.8374736640118972,0.6224452554744531,-0.0074709414638341,-2.8736387128073515,0.30939161434949325,1.0,High,158,158
MATK,TERF2IP,4,0.8375214315189936,0.4773722627737227,-0.005065853540616,-2.8736387128073515,0.30939161434949325,1.0,High,159,159
TAOK1,TERF2IP,4,0.8376729315396343,0.456067518248175,-0.0049905764276191,-2.8736387128073515,0.30939161434949325,1.0,High,160,160
MAP2,CDCA4,4,0.8377665827590608,0.6219890510948907,-0.0074709414638341,-2.8736387128073515,0.30939161434949325,1.0,High,161,161
ARID3A,MAP2,4,0.8380492427681396,0.6224452554744531,-0.0074709414638341,-2.8736387128073515,0.30939161434949325,1.0,High,162,162
BRAF,SIPA1,4,0.8383850348698028,0.5083029197080293,-0.010328390647259,-2.8736387128073515,0.30939161434949325,1.0,High,163,163
FOXA1,KSR1,4,0.8385704184376674,0.6244525547445252,-0.010773161814019,-2.8736387128073515,0.30939161434949325,1.0,High,164,164
CERK,KSR1,4,0.8397237465439655,0.5928375912408756,-0.0085203007129987,-2.8736387128073515,0.30939161434949325,1.0,High,165,165
BRAF,ELK4,4,0.8397872426030446,0.5099452554744532,-0.0182890729156646,-2.8736387128073515,0.30939161434949325,1.0,High,166,166
MINK1,TERF2IP,4,0.8399258490488126,0.5297901459854013,-0.0050300205572824,-2.8736387128073515,0.30939161434949325,1.0,High,167,167
DDX5,RAF1,4,0.8406949923658047,0.610310218978102,-0.0220606336279462,-2.8736387128073515,0.30939161434949325,1.0,High,168,168
ETV5,FOXA2,4,0.8408727355259327,0.5211678832116791,-0.0101544197674502,-2.8736387128073515,0.30939161434949325,1.0,High,169,169
PIAS4,KCNA2,4,0.8409457227747268,0.476277372262774,-0.0081588210833326,-2.8736387128073515,0.30939161434949325,1.0,High,170,170
PIN1,TLK1,4,0.841015639830001,0.6026003649635037,-0.0109348506825947,-2.8736387128073515,0.30939161434949325,1.0,High,171,171
TERF2IP,TFAP2C,4,0.8411395947674585,0.43713503649635,-0.0050241838073457,-2.8736387128073515,0.30939161434949325,1.0,High,172,172
MAPK13,TERF2IP,4,0.8413293896752307,0.4916970802919707,-0.0051648413840747,-2.8736387128073515,0.30939161434949325,1.0,High,173,173
SGK3,TERF2IP,4,0.8414060722980992,0.43713503649635,-0.0050241838073457,-2.8736387128073515,0.30939161434949325,1.0,High,174,174
CLSPN,BRAF,4,0.8415083419304228,0.5068886861313864,-0.0096412119647713,-2.8736387128073515,0.30939161434949325,1.0,High,175,175
CERK,FOXA2,4,0.8363754755911295,0.5588959854014597,-0.0084342091924386,-2.8736387128073515,0.30939161434949325,1.0,High,176,176
CHEK2,RIT2,4,0.8361530206742849,0.5738594890510953,-0.0073926896875544,-2.8736387128073515,0.30939161434949325,1.0,High,177,177
RIT1,CHEK2,4,0.8361426938472309,0.5738594890510953,-0.0073926896875544,-2.8736387128073515,0.30939161434949325,1.0,High,178,178
ARID3A,TLK1,4,0.8312945797053803,0.6460310218978105,-0.0103218834076934,-2.8736387128073515,0.30939161434949325,1.0,High,179,179
TYR,TERF2IP,4,0.8285559546899002,0.6392791970802918,-0.004939918325149,-2.8736387128073515,0.30939161434949325,1.0,High,180,180
EZH2,RIT2,4,0.803307124582183,0.5693886861313873,-0.0075100921583301,-2.8736387128073515,0.30939161434949325,1.0,High,181,181
PPP2R2A,TLK1,4,0.8291907481533531,0.5464416058394161,-0.0109006983344093,-2.8736387128073515,0.30939161434949325,1.0,High,182,182
CDK3,TLK1,4,0.8296465439689822,0.6765510948905114,-0.0102651293383586,-2.8736387128073515,0.30939161434949325,1.0,High,183,183
CHEK2,TLK1,4,0.8299739363677698,0.5974452554744527,-0.0102436316314136,-2.8736387128073515,0.30939161434949325,1.0,High,184,184
PLCE1,RIT2,4,0.8221668076589719,0.4956660583941605,-0.007883470458833,-2.8736387128073515,0.30939161434949325,1.0,High,185,185
PPP2R1A,RIT2,4,0.8299924606940996,0.6316605839416054,-0.0078856032760509,-2.8736387128073515,0.30939161434949325,1.0,High,186,186
RIT1,EZH2,4,0.8032967977551291,0.5693886861313873,-0.0075100921583301,-2.8736387128073515,0.30939161434949325,1.0,High,187,187
KSR1,GK,4,0.8305380328477643,0.5787408759124082,-0.0048692132536292,-2.8736387128073515,0.30939161434949325,1.0,High,188,188
PPP2R1A,MAP2,4,0.8305680394503421,0.6316605839416054,-0.0078856032760508,-2.8736387128073515,0.30939161434949325,1.0,High,189,189
CDK8,TERF2IP,4,0.8306544959352902,0.6193430656934305,-0.0049385759255868,-2.8736387128073515,0.30939161434949325,1.0,High,190,190
CDCA4,TLK1,4,0.8310119196963015,0.6455748175182476,-0.0103218834076934,-2.8736387128073515,0.30939161434949325,1.0,High,191,191
PLK4,BRAF,4,0.8032474807081247,0.5740875912408763,-0.0092292865588859,-2.8736387128073515,0.30939161434949325,1.0,High,192,192
MAP2,PPP2R2A,4,0.8359454112161089,0.5228558394160583,-0.00804975639055,-2.8736387128073515,0.30939161434949325,1.0,High,193,193
PPM1D,KCNA2,4,0.8319253744893196,0.622901459854015,-0.0073661972647074,-2.8736387128073515,0.30939161434949325,1.0,High,194,194
RASA2,TLK1,4,0.803001735237082,0.5056113138686134,-0.0107920954053417,-2.8736387128073515,0.30939161434949325,1.0,High,195,195
DDX5,YWHAZ,4,0.833133431684077,0.5423357664233577,-0.0131245258953639,-2.8736387128073515,0.30939161434949325,1.0,High,196,196
CKS1B,TERF2IP,4,0.8336192382288736,0.4770072992700727,-0.0050234663119823,-2.8736387128073515,0.30939161434949325,1.0,High,197,197
PTCH2,TERF2IP,4,0.8341156522097961,0.4500912408759121,-0.0056769704730391,-2.8736387128073515,0.30939161434949325,1.0,High,198,198
PIAS4,ETV1,4,0.8348655965006424,0.4774178832116789,-0.0100331035384068,-2.8736387128073515,0.30939161434949325,1.0,High,199,199
TNFSF13B,TLK1,4,0.8027095386456509,0.5520985401459853,-0.0103177986794448,-2.8736387128073515,0.30939161434949325,1.0,High,200,200
FOXA1,FOXA2,4,0.8352221474848331,0.5905109489051097,-0.0106870702934589,-2.8736387128073515,0.30939161434949325,1.0,High,201,201
RIT1,PPP2R2A,4,0.8353595056328142,0.5228558394160583,-0.00804975639055,-2.8736387128073515,0.30939161434949325,1.0,High,202,202
PPP2R2A,RIT2,4,0.8353698324598682,0.5228558394160583,-0.00804975639055,-2.8736387128073515,0.30939161434949325,1.0,High,203,203
RIT1,CDK3,4,0.8358153014484415,0.6529653284671539,-0.0074141873944993,-2.8736387128073515,0.30939161434949325,1.0,High,204,204
CDK3,RIT2,4,0.8358256282754972,0.6529653284671539,-0.0074141873944993,-2.8736387128073515,0.30939161434949325,1.0,High,205,205
RIT1,PPP2R1A,4,0.8299821338670457,0.6316605839416054,-0.0078856032760509,-2.8736387128073515,0.30939161434949325,1.0,High,206,206
PPP5C,TLK1,4,0.8197243531548022,0.6188868613138689,-0.0119739529045315,-2.8736387128073515,0.30939161434949325,1.0,High,207,207
RIT1,PLCE1,4,0.8221564808319197,0.4956660583941605,-0.007883470458833,-2.8736387128073515,0.30939161434949325,1.0,High,208,208
SIPA1,KCNA2,4,0.8084159410720861,0.4695711678832124,-0.0083646312963589,-2.8736387128073515,0.30939161434949325,1.0,High,209,209
TNFSF13B,RIT2,4,0.8088886229521659,0.5285127737226278,-0.0074668567355856,-2.8736387128073515,0.30939161434949325,1.0,High,210,210
RIT1,RASA2,4,0.8091704927165448,0.4820255474452555,-0.0079411534614825,-2.8736387128073515,0.30939161434949325,1.0,High,211,211
RASA2,RIT2,4,0.8091808195435988,0.4820255474452555,-0.0079411534614825,-2.8736387128073515,0.30939161434949325,1.0,High,212,212
TNFSF13B,MAP2,4,0.8094642017084084,0.5285127737226278,-0.0074668567355855,-2.8736387128073515,0.30939161434949325,1.0,High,213,213
SYNGAP1,TLK1,4,0.8096532579540376,0.518795620437956,-0.0105931373269552,-2.8736387128073515,0.30939161434949325,1.0,High,214,214
RIT1,RASGRP1,4,0.8097427578095999,0.4822536496350365,-0.0079411534614825,-2.8736387128073515,0.30939161434949325,1.0,High,215,215
RASGRP1,RIT2,4,0.8097530846366539,0.4822536496350365,-0.0079411534614825,-2.8736387128073515,0.30939161434949325,1.0,High,216,216
RASA2,MAP2,4,0.8097563982998395,0.4820255474452555,-0.0079411534614825,-2.8736387128073515,0.30939161434949325,1.0,High,217,217
ELK4,KCNA2,4,0.8098181488053307,0.4712135036496354,-0.0163253135647644,-2.8736387128073515,0.30939161434949325,1.0,High,218,218
CHEK1,BRAF,4,0.8100726715635833,0.5073448905109488,-0.0097997742791507,-2.8736387128073515,0.30939161434949325,1.0,High,219,219
DDX5,BAG4,4,0.8101629430941379,0.5216697080291972,-0.0131337334439776,-2.8736387128073515,0.30939161434949325,1.0,High,220,220
FOXA1,GK,4,0.810202100441547,0.5239051094890512,-0.0133318367630979,-2.8736387128073515,0.30939161434949325,1.0,High,221,221
MAP2,RASGRP1,4,0.8103286633928946,0.4822536496350365,-0.0079411534614825,-2.8736387128073515,0.30939161434949325,1.0,High,222,222
MRAS,TLK1,4,0.8104659678950235,0.5853558394160583,-0.0111639652704058,-2.8736387128073515,0.30939161434949325,1.0,High,223,223
DDX5,CCM2,4,0.8106431560269236,0.5463959854014595,-0.0129348341706339,-2.8736387128073515,0.30939161434949325,1.0,High,224,224
CERK,GK,4,0.811355428547845,0.4922901459854012,-0.0110789756620776,-2.8736387128073515,0.30939161434949325,1.0,High,225,225
RASGRP3,BRAF,4,0.8113838629141981,0.4824817518248174,-0.0103032530198789,-2.8736387128073515,0.30939161434949325,1.0,High,226,226
EEF2K,TERF2IP,4,0.8114027916477458,0.603010948905109,-0.0050175901092644,-2.8736387128073515,0.30939161434949325,1.0,High,227,227
TERF2IP,MAP2K6,4,0.8114983720546407,0.4708029197080288,-0.0051386834849677,-2.8736387128073515,0.30939161434949325,1.0,High,228,228
BRSK1,FOXA1,4,0.8115343106507797,0.6080748175182475,-0.0124637952322837,-2.8736387128073515,0.30939161434949325,1.0,High,229,229
FOXA1,BRSK2,4,0.8115365575867752,0.6080748175182475,-0.0124637952322837,-2.8736387128073515,0.30939161434949325,1.0,High,230,230
CLSPN,KCNA2,4,0.8115392481327071,0.468156934306569,-0.0076774526138712,-2.8736387128073515,0.30939161434949325,1.0,High,231,231
CEACAM1,TLK1,4,0.8115873540213716,0.445027372262774,-0.0103896765153741,-2.8736387128073515,0.30939161434949325,1.0,High,232,232
DDX5,PLCE1,4,0.811858806173408,0.5203923357664229,-0.0133393257228963,-2.8736387128073515,0.30939161434949325,1.0,High,233,233
TSC22D3,TLK1,4,0.8118801035777778,0.4907846715328468,-0.0126452193160733,-2.8736387128073515,0.30939161434949325,1.0,High,234,234
TNFSF13B,RIT1,4,0.808878296125112,0.5285127737226278,-0.0074668567355856,-2.8736387128073515,0.30939161434949325,1.0,High,235,235
BTG2,MAP2,4,0.8082294103082681,0.4365875912408761,-0.0073947203447402,-2.8736387128073515,0.30939161434949325,1.0,High,236,236
BRSK1,GK,4,0.8035019250608748,0.5623631386861305,-0.0065598466718938,-2.8736387128073515,0.30939161434949325,1.0,High,237,237
TP53BP1,TLK1,4,0.8081184479841728,0.6439781021897808,-0.0102457227611342,-2.8736387128073515,0.30939161434949325,1.0,High,238,238
TLK1,RASGRP1,4,0.803574000330137,0.5058394160583943,-0.0107920954053417,-2.8736387128073515,0.30939161434949325,1.0,High,239,239
RIT1,BRCA1,4,0.8037203111459554,0.5906021897810216,-0.0078601411263478,-2.8736387128073515,0.30939161434949325,1.0,High,240,240
BRCA1,RIT2,4,0.8037306379730094,0.5906021897810216,-0.0078601411263478,-2.8736387128073515,0.30939161434949325,1.0,High,241,241
ETV1,ELK4,4,0.8037380225312454,0.4723540145985403,-0.0181995960198386,-2.8736387128073515,0.30939161434949325,1.0,High,242,242
RAD51,TERF2IP,4,0.8037752630710138,0.6115875912408759,-0.0050241550848835,-2.8736387128073515,0.30939161434949325,1.0,High,243,243
MAP2,EZH2,4,0.8038827033384237,0.5693886861313873,-0.0075100921583301,-2.8736387128073515,0.30939161434949325,1.0,High,244,244
DDX5,TP53BP1,4,0.8039895308051221,0.6451186131386857,-0.0128506360813383,-2.8736387128073515,0.30939161434949325,1.0,High,245,245
TAOK3,TERF2IP,4,0.8042815458259263,0.4697536496350363,-0.0049862702458068,-2.8736387128073515,0.30939161434949325,1.0,High,246,246
BRCA1,MAP2,4,0.8043062167292501,0.5906021897810216,-0.0078601411263478,-2.8736387128073515,0.30939161434949325,1.0,High,247,247
TERF2IP,UBE2T,4,0.804424518218962,0.5950273722627739,-0.0050171469000412,-2.8736387128073515,0.30939161434949325,1.0,High,248,248
BRSK1,BRSK2,4,0.8048363822061049,0.6465328467153277,-0.0056918051410796,-2.8736387128073515,0.30939161434949325,1.0,High,249,249
CLSPN,ETV1,4,0.8054591218586218,0.4692974452554743,-0.0095517350689453,-2.8736387128073515,0.30939161434949325,1.0,High,250,250
DDX5,SYNGAP1,4,0.8055243407749906,0.5199361313868609,-0.0131980506471593,-2.8736387128073515,0.30939161434949325,1.0,High,251,251
MAP3K12,TERF2IP,4,0.8058337453060016,0.5053375912408757,-0.0049749748122455,-2.8736387128073515,0.30939161434949325,1.0,High,252,252
DDX5,MRAS,4,0.8063370507159746,0.5864963503649632,-0.0137688785906099,-2.8736387128073515,0.30939161434949325,1.0,High,253,253
TERF2IP,YWHAH,4,0.8063513720959037,0.5570255474452557,-0.0052765690470743,-2.8736387128073515,0.30939161434949325,1.0,High,254,254
DNAJA1,TERF2IP,4,0.8063729150332115,0.4647354014598535,-0.0122642488832749,-2.8736387128073515,0.30939161434949325,1.0,High,255,255
DAAM1,TERF2IP,4,0.8065127697767434,0.4647354014598535,-0.0122642488832749,-2.8736387128073515,0.30939161434949325,1.0,High,256,256
RNF14,TERF2IP,4,0.8065989250195926,0.4647354014598535,-0.0122642488832749,-2.8736387128073515,0.30939161434949325,1.0,High,257,257
MDC1,KCNA2,4,0.8069973899228273,0.6281934306569346,-0.0074152982901258,-2.8736387128073515,0.30939161434949325,1.0,High,258,258
DDX5,CEACAM1,4,0.8074584368423245,0.4461678832116789,-0.0129945898355782,-2.8736387128073515,0.30939161434949325,1.0,High,259,259
BTG2,RIT1,4,0.8076435047249717,0.4365875912408761,-0.0073947203447402,-2.8736387128073515,0.30939161434949325,1.0,High,260,260
BTG2,RIT2,4,0.8076538315520256,0.4365875912408761,-0.0073947203447402,-2.8736387128073515,0.30939161434949325,1.0,High,261,261
PROX1,TLK1,4,0.8076936120166796,0.4461678832116789,-0.010495663939999,-2.8736387128073515,0.30939161434949325,1.0,High,262,262
DDX5,TSC22D3,4,0.8077511863987308,0.4919251824817516,-0.0152501326362773,-2.8736387128073515,0.30939161434949325,1.0,High,263,263
BRAF,DOK1,4,0.8122807122518871,0.5817518248175184,-0.0111602138291373,-2.8736387128073515,0.30939161434949325,1.0,High,264,264
DDX5,RAP2B,4,0.812306852226305,0.5190237226277374,-0.0131855886057326,-2.8736387128073515,0.30939161434949325,1.0,High,265,265
CERK,BRSK1,4,0.8126876387570761,0.5764598540145984,-0.0102109341312633,-2.8736387128073515,0.30939161434949325,1.0,High,266,266
CERK,BRSK2,4,0.8126898856930733,0.5764598540145984,-0.0102109341312633,-2.8736387128073515,0.30939161434949325,1.0,High,267,267
MRAS,MAP2,4,0.8172206309577792,0.5617700729927009,-0.0083130233265466,-2.8736387128073515,0.30939161434949325,1.0,High,268,268
TERF2IP,TAOK2,4,0.8178643399496597,0.5103102189781019,-0.00500958138365,-2.8736387128073515,0.30939161434949325,1.0,High,269,269
RIT1,TSC22D3,4,0.8180488610572425,0.4671989051094889,-0.009794277372214,-2.8736387128073515,0.30939161434949325,1.0,High,270,270
TSC22D3,RIT2,4,0.8180591878842947,0.4671989051094889,-0.009794277372214,-2.8736387128073515,0.30939161434949325,1.0,High,271,271
TYRP1,TERF2IP,4,0.8184447550860412,0.6383667883211674,-0.0048901045317226,-2.8736387128073515,0.30939161434949325,1.0,High,272,272
RRAS2,TLK1,4,0.8185902839103747,0.6480383211678831,-0.0112280717196596,-2.8736387128073515,0.30939161434949325,1.0,High,273,273
MAP2,TSC22D3,4,0.8186347666405371,0.4671989051094889,-0.009794277372214,-2.8736387128073515,0.30939161434949325,1.0,High,274,274
RRAS,TLK1,4,0.8186904654809606,0.6480383211678831,-0.0112280717196596,-2.8736387128073515,0.30939161434949325,1.0,High,275,275
CERK,FOXA1,4,0.8193878141377482,0.5380018248175182,-0.0169829242224674,-2.8736387128073515,0.30939161434949325,1.0,High,276,276
DOK2,TERF2IP,4,0.8196054182313333,0.4688412408759119,-0.0052143285901675,-2.8736387128073515,0.30939161434949325,1.0,High,277,277
KRAS,TERF2IP,4,0.8196514566912887,0.482390510948905,-0.0055971592372193,-2.8736387128073515,0.30939161434949325,1.0,High,278,278
DDX5,PPP2R1A,4,0.8196844592085366,0.6563868613138681,-0.0133414585401142,-2.8736387128073515,0.30939161434949325,1.0,High,279,279
RIT1,YWHAZ,4,0.8434311063425888,0.5176094890510949,-0.0076686706313006,-2.8736387128073515,0.30939161434949325,1.0,High,280,280
RHEB,KCNA2,4,0.8198219576610288,0.4462135036496351,-0.009071744027998,-2.8736387128073515,0.30939161434949325,1.0,High,281,281
CDKN1B,TERF2IP,4,0.8199905273800132,0.4969890510948906,-0.0053765563749309,-2.8736387128073515,0.30939161434949325,1.0,High,282,282
TERF2IP,IQGAP1,4,0.8200998039862917,0.5493613138686126,-0.0054505645753993,-2.8736387128073515,0.30939161434949325,1.0,High,283,283
RIT1,BAG4,4,0.8204606177526461,0.4969434306569349,-0.0076778781799143,-2.8736387128073515,0.30939161434949325,1.0,High,284,284
BAG4,RIT2,4,0.8204709445797,0.4969434306569349,-0.0076778781799143,-2.8736387128073515,0.30939161434949325,1.0,High,285,285
ATRIP,TLK1,4,0.8205641233029386,0.4529197080291971,-0.010300662046338,-2.8736387128073515,0.30939161434949325,1.0,High,286,286
TERF2IP,DBI,4,0.8208131576775486,0.5299270072992694,-0.0051998234130108,-2.8736387128073515,0.30939161434949325,1.0,High,287,287
HOXB13,TLK1,4,0.8208831098089391,0.5618156934306571,-0.0131761542709441,-2.8736387128073515,0.30939161434949325,1.0,High,288,288
RIT1,CCM2,4,0.8209408306854336,0.5216697080291972,-0.0074789789065706,-2.8736387128073515,0.30939161434949325,1.0,High,289,289
CCM2,RIT2,4,0.8209511575124875,0.5216697080291972,-0.0074789789065706,-2.8736387128073515,0.30939161434949325,1.0,High,290,290
MAP2,BAG4,4,0.8210465233359407,0.4969434306569349,-0.0076778781799143,-2.8736387128073515,0.30939161434949325,1.0,High,291,291
CCM2,MAP2,4,0.82152673626873,0.5216697080291972,-0.0074789789065706,-2.8736387128073515,0.30939161434949325,1.0,High,292,292
ETV5,BRSK2,4,0.8171871456278783,0.5387317518248174,-0.0119311447062749,-2.8736387128073515,0.30939161434949325,1.0,High,293,293
BRSK1,ETV5,4,0.817184898691881,0.5387317518248174,-0.0119311447062749,-2.8736387128073515,0.30939161434949325,1.0,High,294,294
TERF2IP,BRCA2,4,0.8169683633887566,0.5104014598540147,-0.0049813831763786,-2.8736387128073515,0.30939161434949325,1.0,High,295,295
CCM2,TLK1,4,0.8147720732059707,0.5452554744525546,-0.0103299208504299,-2.8736387128073515,0.30939161434949325,1.0,High,296,296
DDR1,BRAF,4,0.8132173296744067,0.5797445255474454,-0.0093681522772788,-2.8736387128073515,0.30939161434949325,1.0,High,297,297
TERF2IP,POLD3,4,0.8134970102752384,0.4734489051094885,-0.0050186232374109,-2.8736387128073515,0.30939161434949325,1.0,High,298,298
ETV1,RHEB,4,0.8137418313869436,0.4473540145985399,-0.0109460264830722,-2.8736387128073515,0.30939161434949325,1.0,High,299,299
RIT1,PROX1,4,0.8138623694961424,0.4225821167883214,-0.0076447219961398,-2.8736387128073515,0.30939161434949325,1.0,High,300,300
PROX1,RIT2,4,0.8138726963231964,0.4225821167883214,-0.0076447219961398,-2.8736387128073515,0.30939161434949325,1.0,High,301,301
TP53BP1,RIT1,4,0.8142872054636339,0.6203923357664234,-0.007394780817275,-2.8736387128073515,0.30939161434949325,1.0,High,302,302
BAG4,TLK1,4,0.814291860273185,0.5205291970802923,-0.0105288201237735,-2.8736387128073515,0.30939161434949325,1.0,High,303,303
TP53BP1,RIT2,4,0.8142975322906878,0.6203923357664234,-0.007394780817275,-2.8736387128073515,0.30939161434949325,1.0,High,304,304
PROX1,MAP2,4,0.8144482750794388,0.4225821167883214,-0.0076447219961398,-2.8736387128073515,0.30939161434949325,1.0,High,305,305
DDX5,RRAS2,4,0.8144613667313259,0.649178832116788,-0.0138329850398637,-2.8736387128073515,0.30939161434949325,1.0,High,306,306
DDX5,RRAS,4,0.8145615483019117,0.649178832116788,-0.0138329850398637,-2.8736387128073515,0.30939161434949325,1.0,High,307,307
TP53BP1,MAP2,4,0.8148731110469303,0.6203923357664234,-0.007394780817275,-2.8736387128073515,0.30939161434949325,1.0,High,308,308
HOXB13,DDX5,4,0.816754192629892,0.562956204379562,-0.0157810675911481,-2.8736387128073515,0.30939161434949325,1.0,High,309,309
RAF1,TERF2,4,0.8150711137704771,0.5562043795620437,-0.0102000126775575,-2.8736387128073515,0.30939161434949325,1.0,High,310,310
DDX5,PPP5C,4,0.8155954359757533,0.6200273722627734,-0.0145788662247355,-2.8736387128073515,0.30939161434949325,1.0,High,311,311
RIT1,SYNGAP1,4,0.8158220154334987,0.4952098540145986,-0.007742195383096,-2.8736387128073515,0.30939161434949325,1.0,High,312,312
SYNGAP1,RIT2,4,0.8158323422605527,0.4952098540145986,-0.007742195383096,-2.8736387128073515,0.30939161434949325,1.0,High,313,313
ETV5,GK,4,0.8158526884826482,0.4545620437956206,-0.0127991862370892,-2.8736387128073515,0.30939161434949325,1.0,High,314,314
TLK1,PLCE1,4,0.8159877233524568,0.519251824817518,-0.0107344124026922,-2.8736387128073515,0.30939161434949325,1.0,High,315,315
SYNGAP1,MAP2,4,0.8164079210167934,0.4952098540145986,-0.007742195383096,-2.8736387128073515,0.30939161434949325,1.0,High,316,316
ATRIP,DDX5,4,0.8164352061238915,0.454060218978102,-0.0129055753665421,-2.8736387128073515,0.30939161434949325,1.0,High,317,317
RAP2B,TLK1,4,0.8164357694053539,0.5178832116788321,-0.0105806752855285,-2.8736387128073515,0.30939161434949325,1.0,High,318,318
RIT1,MRAS,4,0.8166347253744846,0.5617700729927009,-0.0083130233265466,-2.8736387128073515,0.30939161434949325,1.0,High,319,319
MRAS,RIT2,4,0.8166450522015385,0.5617700729927009,-0.0083130233265466,-2.8736387128073515,0.30939161434949325,1.0,High,320,320
FRS3,TERF2IP,4,0.8026948169850883,0.5061131386861315,-0.0052078032724644,-2.8736387128073515,0.30939161434949325,1.0,High,321,321
DDX5,HNF4A,4,0.8448706268311863,0.6225364963503646,-0.0136613259491548,-2.8736387128073515,0.30939161434949325,1.0,High,322,322
YWHAZ,RIT2,4,0.8434414331696427,0.5176094890510949,-0.0076686706313006,-2.8736387128073515,0.30939161434949325,1.0,High,323,323
RIT1,SIPA1,4,0.8959922316675648,0.507390510948905,-0.0084362128130196,-2.8736387128073515,0.30939161434949325,1.0,High,324,324
RAF1,TERF2IP,4,0.8960175648908528,0.5913777372262774,-0.0141808428488855,-2.8736387128073515,0.30939161434949325,1.0,High,325,325
MAP2,SIPA1,4,0.8965781372508612,0.507390510948905,-0.0084362128130196,-2.8736387128073515,0.30939161434949325,1.0,High,326,326
DDX5,RHEB,4,0.8971005735979976,0.5087591240875908,-0.0145991808087221,-2.8736387128073515,0.30939161434949325,1.0,High,327,327
RIT1,ELK4,4,0.8973944394008075,0.5090328467153289,-0.0163968950814252,-2.8736387128073515,0.30939161434949325,1.0,High,328,328
ELK4,RIT2,4,0.8974047662278615,0.5090328467153289,-0.0163968950814252,-2.8736387128073515,0.30939161434949325,1.0,High,329,329
ETV5,BRAF,4,0.8978900218710013,0.5473996350364967,-0.0183191680749602,-2.8736387128073515,0.30939161434949325,1.0,High,330,330
ELK4,MAP2,4,0.8979803449841022,0.5090328467153289,-0.0163968950814252,-2.8736387128073515,0.30939161434949325,1.0,High,331,331
RIT1,CLSPN,4,0.8991155387281857,0.5059762773722625,-0.0077490341305319,-2.8736387128073515,0.30939161434949325,1.0,High,332,332
CLSPN,RIT2,4,0.8991258655552379,0.5059762773722625,-0.0077490341305319,-2.8736387128073515,0.30939161434949325,1.0,High,333,333
TERF2IP,STK11,4,0.8996212169355777,0.480383211678832,-0.0056458045206207,-2.8736387128073515,0.30939161434949325,1.0,High,334,334
PRKAA1,TERF2IP,4,0.8997006829529841,0.6306113138686129,-0.0055440750171858,-2.8736387128073515,0.30939161434949325,1.0,High,335,335
CLSPN,MAP2,4,0.8997014443114804,0.5059762773722625,-0.0077490341305319,-2.8736387128073515,0.30939161434949325,1.0,High,336,336
HNF4A,TERF2IP,4,0.9001931993562344,0.60360401459854,-0.0057815351700941,-2.8736387128073515,0.30939161434949325,1.0,High,337,337
ETV1,KCNA2,4,0.9002260677588314,0.5875456204379566,-0.0164146156317241,-2.8736387128073515,0.30939161434949325,1.0,High,338,338
RHEB,TLK1,4,0.9012294907770446,0.507618613138686,-0.011994267488518,-2.8736387128073515,0.30939161434949325,1.0,High,339,339
DDB1,TERF2IP,4,0.902978067098573,0.5169708029197073,-0.0051528310490939,-2.8736387128073515,0.30939161434949325,1.0,High,340,340
TERF2IP,ETV4,4,0.9037574732802298,0.4394160583941602,-0.0139986757241293,-2.8736387128073515,0.30939161434949325,1.0,High,341,341
PLK4,TERF2IP,4,0.9058795753724276,0.5789689781021892,-0.0049131732096491,-2.8736387128073515,0.30939161434949325,1.0,High,342,342
GK,TERF2,4,0.9058926917839224,0.5407390510948908,-0.0046509265200143,-2.8736387128073515,0.30939161434949325,1.0,High,343,343
RIT1,RHEB,4,0.9073982482565076,0.4840328467153285,-0.0091433255446588,-2.8736387128073515,0.30939161434949325,1.0,High,344,344
RHEB,RIT2,4,0.9074085750835614,0.4840328467153285,-0.0091433255446588,-2.8736387128073515,0.30939161434949325,1.0,High,345,345
RHEB,MAP2,4,0.907984153839802,0.4840328467153285,-0.0091433255446588,-2.8736387128073515,0.30939161434949325,1.0,High,346,346
RAP1GAP,ETV1,4,0.909027066397055,0.5137773722627741,-0.0111852523111464,-2.8736387128073515,0.30939161434949325,1.0,High,347,347
DDX5,PPM1D,4,0.9092039904262884,0.6854470802919708,-0.0128936340454315,-2.8736387128073515,0.30939161434949325,1.0,High,348,348
BRAF,FOXA2,4,0.9092270952832804,0.6376368613138688,-0.0103031035709401,-2.8736387128073515,0.30939161434949325,1.0,High,349,349
BRAF,KSR1,4,0.9125753662361163,0.6715784671532843,-0.0103891950915003,-2.8736387128073515,0.30939161434949325,1.0,High,350,350
CHEK1,TERF2IP,4,0.9127047662278862,0.5122262773722626,-0.0054836609299139,-2.8736387128073515,0.30939161434949325,1.0,High,351,351
SIPA1,RIT2,4,0.8960025584946205,0.507390510948905,-0.0084362128130196,-2.8736387128073515,0.30939161434949325,1.0,High,352,352
MDC1,MAP2,4,0.8951595861016006,0.666012773722628,-0.0074868798067866,-2.8736387128073515,0.30939161434949325,1.0,High,353,353
CDK3,TERF2IP,4,0.8808401993149815,0.6587591240875912,-0.0049902518795019,-2.8736387128073515,0.30939161434949325,1.0,High,354,354
MDC1,RIT2,4,0.8945840073453581,0.666012773722628,-0.0074868798067866,-2.8736387128073515,0.30939161434949325,1.0,High,355,355
PHB2,MAP2,4,0.8812848182230741,0.4765510948905107,-0.0073934262863691,-2.8736387128073515,0.30939161434949325,1.0,High,356,356
RIT1,RAPGEF1,4,0.8814731543762786,0.502098540145985,-0.008142522705326,-2.8736387128073515,0.30939161434949325,1.0,High,357,357
RAPGEF1,RIT2,4,0.8814834812033343,0.502098540145985,-0.008142522705326,-2.8736387128073515,0.30939161434949325,1.0,High,358,358
RAPGEF1,MAP2,4,0.882059059959575,0.502098540145985,-0.008142522705326,-2.8736387128073515,0.30939161434949325,1.0,High,359,359
TERF2IP,CDCA4,4,0.8822055750423043,0.6277828467153279,-0.0050470059488367,-2.8736387128073515,0.30939161434949325,1.0,High,360,360
ARID3A,TERF2IP,4,0.8824882350513814,0.6282390510948903,-0.0050470059488367,-2.8736387128073515,0.30939161434949325,1.0,High,361,361
KSR1,KCNA2,4,0.8826062724383998,0.6328467153284674,-0.0084254357406002,-2.8736387128073515,0.30939161434949325,1.0,High,362,362
RIT1,MDFI,4,0.8838988259811131,0.5968978102189784,-0.0079873335226764,-2.8736387128073515,0.30939161434949325,1.0,High,363,363
MDFI,RIT2,4,0.8839091528081671,0.5968978102189784,-0.0079873335226764,-2.8736387128073515,0.30939161434949325,1.0,High,364,364
BRAF,GK,4,0.8842070482399969,0.5710310218978103,-0.0129478700405791,-2.8736387128073515,0.30939161434949325,1.0,High,365,365
DDX5,MDC1,4,0.884276005859796,0.6907390510948903,-0.0129427350708499,-2.8736387128073515,0.30939161434949325,1.0,High,366,366
MDFI,MAP2,4,0.8844847315644095,0.5968978102189784,-0.0079873335226763,-2.8736387128073515,0.30939161434949325,1.0,High,367,367
BRSK1,BRAF,4,0.8855392584492279,0.6552007299270066,-0.0120798285097649,-2.8736387128073515,0.30939161434949325,1.0,High,368,368
BRSK2,BRAF,4,0.8855415053852234,0.6552007299270066,-0.0120798285097649,-2.8736387128073515,0.30939161434949325,1.0,High,369,369
DDX5,SIPA1,4,0.8856945570090549,0.5321167883211677,-0.0138920680770829,-2.8736387128073515,0.30939161434949325,1.0,High,370,370
DDX5,ELK4,4,0.8870967647422994,0.5337591240875912,-0.0218527503454885,-2.8736387128073515,0.30939161434949325,1.0,High,371,371
MDC1,TLK1,4,0.8884049230388413,0.6895985401459859,-0.0103378217506458,-2.8736387128073515,0.30939161434949325,1.0,High,372,372
YWHAZ,TERF2IP,4,0.888456004209127,0.5234032846715326,-0.0052447351163032,-2.8736387128073515,0.30939161434949325,1.0,High,373,373
DDX5,CLSPN,4,0.8888178640696758,0.5307025547445252,-0.0132048893945952,-2.8736387128073515,0.30939161434949325,1.0,High,374,374
SIPA1,TLK1,4,0.8898234741881055,0.5309762773722628,-0.0112871547568788,-2.8736387128073515,0.30939161434949325,1.0,High,375,375
ELK4,TLK1,4,0.8912256819213464,0.5326186131386859,-0.0192478370252844,-2.8736387128073515,0.30939161434949325,1.0,High,376,376
PIN1,TERF2IP,4,0.8922092951760021,0.5848083941605839,-0.0056599732237381,-2.8736387128073515,0.30939161434949325,1.0,High,377,377
FOXA1,BRAF,4,0.8922394338299,0.6167427007299273,-0.0188518186009689,-2.8736387128073515,0.30939161434949325,1.0,High,378,378
BRAF,ETV4,4,0.8011253786159287,0.4345346715328468,-0.018314789073366,-2.8736387128073515,0.30939161434949325,1.0,High,379,379
CLSPN,TLK1,4,0.8929467812487211,0.5295620437956203,-0.0105999760743912,-2.8736387128073515,0.30939161434949325,1.0,High,380,380
CERK,BRAF,4,0.8933927619361981,0.5851277372262773,-0.0165989574999486,-2.8736387128073515,0.30939161434949325,1.0,High,381,381
RIT1,MDC1,4,0.894573680518306,0.666012773722628,-0.0074868798067866,-2.8736387128073515,0.30939161434949325,1.0,High,382,382
PPM1D,TLK1,4,0.9133329076053373,0.6843065693430659,-0.0102887207252274,-2.8736387128073515,0.30939161434949325,1.0,High,383,383
FOXA1,TERF2,4,0.9139250773738254,0.5864507299270074,-0.0105548750804042,-2.8736387128073515,0.30939161434949325,1.0,High,384,384
RASGRP3,TERF2IP,4,0.914015957578501,0.4873631386861312,-0.0059871396706422,-2.8736387128073515,0.30939161434949325,1.0,High,385,385
TERF2IP,DOK1,4,0.9149128069161884,0.5866332116788322,-0.0068441004799005,-2.8736387128073515,0.30939161434949325,1.0,High,386,386
GK,RIT2,4,0.941824571864812,0.570118613138686,-0.0110556922063398,-2.8736387128073515,0.30939161434949325,1.0,High,387,387
GK,MAP2,4,0.9424001506210544,0.570118613138686,-0.0110556922063398,-2.8736387128073515,0.30939161434949325,1.0,High,388,388
ELK4,TERF2IP,4,0.9424193372673476,0.5148266423357661,-0.0139729595664278,-2.8736387128073515,0.30939161434949325,1.0,High,389,389
BRSK1,RIT1,4,0.943146455246989,0.6542883211678827,-0.0101876506755256,-2.8736387128073515,0.30939161434949325,1.0,High,390,390
RIT1,BRSK2,4,0.9431487021829864,0.6542883211678827,-0.0101876506755256,-2.8736387128073515,0.30939161434949325,1.0,High,391,391
BRSK1,RIT2,4,0.9431567820740449,0.6542883211678827,-0.0101876506755256,-2.8736387128073515,0.30939161434949325,1.0,High,392,392
BRSK2,RIT2,4,0.9431590290100402,0.6542883211678827,-0.0101876506755256,-2.8736387128073515,0.30939161434949325,1.0,High,393,393
FOXA1,TLK1,4,0.9436778731482,0.6394160583941604,-0.0198105827105888,-2.8736387128073515,0.30939161434949325,1.0,High,394,394
BRSK1,MAP2,4,0.9437323608302854,0.6542883211678827,-0.0101876506755255,-2.8736387128073515,0.30939161434949325,1.0,High,395,395
BRSK2,MAP2,4,0.9437346077662808,0.6542883211678827,-0.0101876506755255,-2.8736387128073515,0.30939161434949325,1.0,High,396,396
CLSPN,TERF2IP,4,0.9441404365947256,0.5117700729927006,-0.0053250986155345,-2.8736387128073515,0.30939161434949325,1.0,High,397,397
CERK,TLK1,4,0.9448312012544982,0.6078010948905113,-0.0175577216095685,-2.8736387128073515,0.30939161434949325,1.0,High,398,398
RAP1GAP,BRAF,4,0.945076286468856,0.5513686131386861,-0.0112747292069724,-2.8736387128073515,0.30939161434949325,1.0,High,399,399
DDX5,ETV5,4,0.9451995440102544,0.5712135036496351,-0.0218828455047842,-2.8736387128073515,0.30939161434949325,1.0,High,400,400
ETV5,TLK1,4,0.9493284611893033,0.5700729927007302,-0.0192779321845801,-2.8736387128073515,0.30939161434949325,1.0,High,401,401
FOXA1,RIT1,4,0.949846630627663,0.615830291970803,-0.0169596407667296,-2.8736387128073515,0.30939161434949325,1.0,High,402,402
FOXA1,RIT2,4,0.9498569574547168,0.615830291970803,-0.0169596407667296,-2.8736387128073515,0.30939161434949325,1.0,High,403,403
FOXA1,MAP2,4,0.9504325362109594,0.615830291970803,-0.0169596407667296,-2.8736387128073515,0.30939161434949325,1.0,High,404,404
CERK,RIT1,4,0.9509999587339591,0.5842153284671534,-0.0147067796657093,-2.8736387128073515,0.30939161434949325,1.0,High,405,405
CERK,RIT2,4,0.9510102855610132,0.5842153284671534,-0.0147067796657093,-2.8736387128073515,0.30939161434949325,1.0,High,406,406
CERK,MAP2,4,0.9515858643172556,0.5842153284671534,-0.0147067796657093,-2.8736387128073515,0.30939161434949325,1.0,High,407,407
ETV1,TERF2,4,0.9518808051004726,0.5959854014598545,-0.0100814314620594,-2.8736387128073515,0.30939161434949325,1.0,High,408,408
RHEB,TERF2IP,4,0.9524231461230456,0.4898266423357658,-0.0067193900296614,-2.8736387128073515,0.30939161434949325,1.0,High,409,409
DDB1,BRAF,4,0.8003459724342727,0.5120894160583944,-0.0094689443983307,-2.8736387128073515,0.30939161434949325,1.0,High,410,410
OXSR1,TERF2IP,4,0.7998343498535014,0.511268248175182,-0.0051105616998865,-2.8736387128073515,0.30939161434949325,1.0,High,411,411
SPRY1,TERF2IP,4,0.7997991519828247,0.4651916058394159,-0.0049938573134708,-2.8736387128073515,0.30939161434949325,1.0,High,412,412
DDX5,RASGRP1,4,0.79944508315109,0.5069799270072992,-0.0133970087255458,-2.8736387128073515,0.30939161434949325,1.0,High,413,413
RIT1,GK,4,0.941814245037758,0.570118613138686,-0.0110556922063398,-2.8736387128073515,0.30939161434949325,1.0,High,414,414
TERF2IP,SIPA1,4,0.941017129534103,0.5131843065693431,-0.0060122772980222,-2.8736387128073515,0.30939161434949325,1.0,High,415,415
CERK,DDX5,4,0.9407022840754492,0.6089416058394157,-0.0201626349297726,-2.8736387128073515,0.30939161434949325,1.0,High,416,416
PIAS4,RIT2,4,0.9285323401972612,0.5140967153284675,-0.0082304025999934,-2.8736387128073515,0.30939161434949325,1.0,High,417,417
CERK,TERF2,4,0.9150784054801236,0.5548357664233579,-0.0083020139793838,-2.8736387128073515,0.30939161434949325,1.0,High,418,418
RAP1GAP,KCNA2,4,0.9151071926711404,0.5126368613138692,-0.0093109698560723,-2.8736387128073515,0.30939161434949325,1.0,High,419,419
DDR1,TERF2IP,4,0.9158494243387096,0.5846259124087592,-0.0050520389280421,-2.8736387128073515,0.30939161434949325,1.0,High,420,420
PIAS4,DDX5,4,0.9182243387116964,0.5388229927007298,-0.0136862578640567,-2.8736387128073515,0.30939161434949325,1.0,High,421,421
RIT1,PPM1D,4,0.9195016650847964,0.6607208029197085,-0.0074377787813682,-2.8736387128073515,0.30939161434949325,1.0,High,422,422
PPM1D,RIT2,4,0.9195119919118522,0.6607208029197085,-0.0074377787813682,-2.8736387128073515,0.30939161434949325,1.0,High,423,423
ETV5,TERF2,4,0.919575665414925,0.5171076642335768,-0.0100222245543954,-2.8736387128073515,0.30939161434949325,1.0,High,424,424
PPM1D,MAP2,4,0.9200875706680928,0.6607208029197085,-0.0074377787813682,-2.8736387128073515,0.30939161434949325,1.0,High,425,425
PIAS4,TLK1,4,0.9223532558907452,0.5376824817518249,-0.0110813445438526,-2.8736387128073515,0.30939161434949325,1.0,High,426,426
PHB2,TERF2IP,4,0.9257238105063196,0.4823448905109484,-0.0049694907713717,-2.8736387128073515,0.30939161434949325,1.0,High,427,427
RAPGEF1,TERF2IP,4,0.9264980522428186,0.5078923357664231,-0.0057185871903286,-2.8736387128073515,0.30939161434949325,1.0,High,428,428
PIAS4,RIT1,4,0.9285220133702072,0.5140967153284675,-0.0082304025999934,-2.8736387128073515,0.30939161434949325,1.0,High,429,429
MDFI,TERF2IP,4,0.9289237238476532,0.6026916058394161,-0.0055633980076789,-2.8736387128073515,0.30939161434949325,1.0,High,430,430
MDC1,TERF2IP,4,0.939598578384846,0.6718065693430653,-0.0050629442917892,-2.8736387128073515,0.30939161434949325,1.0,High,431,431
PIAS4,MAP2,4,0.929107918953502,0.5140967153284675,-0.0082304025999934,-2.8736387128073515,0.30939161434949325,1.0,High,432,432
ETV1,BRAF,4,0.9301951615565472,0.6262773722627744,-0.0183783749826242,-2.8736387128073515,0.30939161434949325,1.0,High,433,433
ETV1,MDC1,4,0.800917263648742,0.6293339416058394,-0.0092895807452,-2.8736387128073515,0.30939161434949325,1.0,High,434,434
DDX5,GK,4,0.931516570379248,0.5948448905109487,-0.0165115474704031,-2.8736387128073515,0.30939161434949325,1.0,High,435,435
BRSK1,DDX5,4,0.9328487805884808,0.6790145985401455,-0.0156435059395889,-2.8736387128073515,0.30939161434949325,1.0,High,436,436
DDX5,BRSK2,4,0.932851027524478,0.6790145985401455,-0.0156435059395889,-2.8736387128073515,0.30939161434949325,1.0,High,437,437
AGAP2,TERF2IP,4,0.8006972062889517,0.4831660583941604,-0.0049113299198573,-2.8736387128073515,0.30939161434949325,1.0,High,438,438
GK,TLK1,4,0.9356454875582968,0.5937043795620438,-0.013906634150199,-2.8736387128073515,0.30939161434949325,1.0,High,439,439
BRAF,KCNA2,4,0.9362752878306324,0.6251368613138695,-0.0165040925275501,-2.8736387128073515,0.30939161434949325,1.0,High,440,440
BRSK1,TLK1,4,0.9369776977675296,0.6778740875912401,-0.0130385926193848,-2.8736387128073515,0.30939161434949325,1.0,High,441,441
BRSK2,TLK1,4,0.9369799447035252,0.6778740875912401,-0.0130385926193848,-2.8736387128073515,0.30939161434949325,1.0,High,442,442
DDX5,FOXA1,4,0.939548955969153,0.6405565693430653,-0.0224154960307929,-2.8736387128073515,0.30939161434949325,1.0,High,443,443
CHEK2,TERF2IP,4,0.8811675917137709,0.5796532846715325,-0.004968754172557,-2.8736387128073515,0.30939161434949325,1.0,High,444,444
PHB2,RIT2,4,0.8807092394668317,0.4765510948905107,-0.0073934262863691,-2.8736387128073515,0.30939161434949325,1.0,High,445,445
YWHAZ,MAP2,4,0.8440170119258852,0.5176094890510949,-0.0076686706313006,-2.8736387128073515,0.30939161434949325,1.0,High,446,446
BTG2,TERF2IP,4,0.8526684025915117,0.4423813868613133,-0.0049707848297428,-2.8736387128073515,0.30939161434949325,1.0,High,447,447
RASA2,TERF2IP,4,0.854195390583083,0.4878193430656932,-0.0055172179464851,-2.8736387128073515,0.30939161434949325,1.0,High,448,448
GK,KCNA2,4,0.8542379544422793,0.5322992700729934,-0.010984110689679,-2.8736387128073515,0.30939161434949325,1.0,High,449,449
RIT1,STK11,4,0.8545963190690387,0.4745894160583948,-0.0080697400356181,-2.8736387128073515,0.30939161434949325,1.0,High,450,450
STK11,RIT2,4,0.8546066458960926,0.4745894160583948,-0.0080697400356181,-2.8736387128073515,0.30939161434949325,1.0,High,451,451
RIT1,PRKAA1,4,0.8546757850864459,0.6248175182481752,-0.0079680105321832,-2.8736387128073515,0.30939161434949325,1.0,High,452,452
PLK4,TLK1,4,0.854685920026423,0.5967609489051098,-0.0101880506685058,-2.8736387128073515,0.30939161434949325,1.0,High,453,453
PRKAA1,RIT2,4,0.8546861119134999,0.6248175182481752,-0.0079680105321832,-2.8736387128073515,0.30939161434949325,1.0,High,454,454
TERF2IP,RASGRP1,4,0.8547676556761381,0.4880474452554746,-0.0055172179464851,-2.8736387128073515,0.30939161434949325,1.0,High,455,455
RIT1,HNF4A,4,0.8551683014896945,0.5978102189781023,-0.0082054706850915,-2.8736387128073515,0.30939161434949325,1.0,High,456,456
HNF4A,RIT2,4,0.8551786283167502,0.5978102189781023,-0.0082054706850915,-2.8736387128073515,0.30939161434949325,1.0,High,457,457
MAP2,STK11,4,0.8551822246523351,0.4745894160583948,-0.0080697400356181,-2.8736387128073515,0.30939161434949325,1.0,High,458,458
PRKAA1,MAP2,4,0.8552616906697406,0.6248175182481752,-0.0079680105321832,-2.8736387128073515,0.30939161434949325,1.0,High,459,459
BTG2,TLK1,4,0.8014747472455106,0.4601733576642335,-0.0102456622885994,-2.8736387128073515,0.30939161434949325,1.0,High,460,460
BRSK1,KCNA2,4,0.8555701646515121,0.6164689781021906,-0.0101160691588648,-2.8736387128073515,0.30939161434949325,1.0,High,461,461
BRSK2,KCNA2,4,0.8555724115875094,0.6164689781021906,-0.0101160691588648,-2.8736387128073515,0.30939161434949325,1.0,High,462,462
HNF4A,MAP2,4,0.8557542070729909,0.5978102189781023,-0.0082054706850915,-2.8736387128073515,0.30939161434949325,1.0,High,463,463
FOXA1,ETV1,4,0.856190213758099,0.5791514598540148,-0.018762341705143,-2.8736387128073515,0.30939161434949325,1.0,High,464,464
CERK,ETV1,4,0.8573435418643953,0.5475364963503648,-0.0165094806041227,-2.8736387128073515,0.30939161434949325,1.0,High,465,465
DDX5,CHEK1,4,0.8573821937028363,0.5311587591240872,-0.0133634517089747,-2.8736387128073515,0.30939161434949325,1.0,High,466,466
RIT1,DDB1,4,0.8579531692320348,0.5111770072992701,-0.0075767665640913,-2.8736387128073515,0.30939161434949325,1.0,High,467,467
DDB1,RIT2,4,0.8579634960590887,0.5111770072992701,-0.0075767665640913,-2.8736387128073515,0.30939161434949325,1.0,High,468,468
DDB1,MAP2,4,0.8585390748153312,0.5111770072992701,-0.0075767665640913,-2.8736387128073515,0.30939161434949325,1.0,High,469,469
NRAS,RIT2,4,0.801328545784683,0.482983576642336,-0.0080239420864579,-2.8736387128073515,0.30939161434949325,1.0,High,470,470
DDX5,RASGRP3,4,0.858693385053451,0.5062956204379563,-0.0138669304497029,-2.8736387128073515,0.30939161434949325,1.0,High,471,471
RIT1,ETV4,4,0.8587325754136916,0.4336222627737225,-0.0164226112391267,-2.8736387128073515,0.30939161434949325,1.0,High,472,472
ETV4,RIT2,4,0.8587429022407473,0.4336222627737225,-0.0164226112391267,-2.8736387128073515,0.30939161434949325,1.0,High,473,473
PROX1,TERF2IP,4,0.8588872673626806,0.4283759124087591,-0.0052207864811424,-2.8736387128073515,0.30939161434949325,1.0,High,474,474
TNFSF13B,TERF2IP,4,0.8539031939916519,0.5343065693430651,-0.0050429212205881,-2.8736387128073515,0.30939161434949325,1.0,High,475,475
ETV4,TLK1,4,0.8525638179342305,0.4572080291970799,-0.0192735531829859,-2.8736387128073515,0.30939161434949325,1.0,High,476,476
RIT1,PHB2,4,0.8806989126397795,0.4765510948905107,-0.0073934262863691,-2.8736387128073515,0.30939161434949325,1.0,High,477,477
DDB1,TLK1,4,0.8517844117525737,0.5347627737226275,-0.0104277085079506,-2.8736387128073515,0.30939161434949325,1.0,High,478,478
ETV5,KSR1,4,0.8442210064787687,0.555109489051095,-0.0102405112880103,-2.8736387128073515,0.30939161434949325,1.0,High,479,479
DDX5,STK11,4,0.8442986444105296,0.499315693430657,-0.0135255952996814,-2.8736387128073515,0.30939161434949325,1.0,High,480,480
DDX5,PRKAA1,4,0.8443781104279342,0.649543795620438,-0.0134238657962465,-2.8736387128073515,0.30939161434949325,1.0,High,481,481
RAF1,TLK1,4,0.8448239095448518,0.6091697080291971,-0.0194557203077422,-2.8736387128073515,0.30939161434949325,1.0,High,482,482
BRSK2,GK,4,0.8035041719968721,0.5623631386861305,-0.0065598466718938,-2.8736387128073515,0.30939161434949325,1.0,High,483,483
ETV1,SIPA1,4,0.8023358147980009,0.4707116788321173,-0.010238913751433,-2.8736387128073515,0.30939161434949325,1.0,High,484,484
TERF2IP,INPP5D,4,0.8456158832996312,0.4249543795620436,-0.0068563269161013,-2.8736387128073515,0.30939161434949325,1.0,High,485,485
NRAS,TERF2IP,4,0.8463431168241673,0.4887773722627737,-0.0056000065714605,-2.8736387128073515,0.30939161434949325,1.0,High,486,486
RIT1,PIN1,4,0.8471843973094622,0.5790145985401458,-0.0080839087387355,-2.8736387128073515,0.30939161434949325,1.0,High,487,487
PIN1,RIT2,4,0.8471947241365161,0.5790145985401458,-0.0080839087387355,-2.8736387128073515,0.30939161434949325,1.0,High,488,488
DDX5,DDB1,4,0.8476554945735231,0.5359032846715324,-0.0130326218281546,-2.8736387128073515,0.30939161434949325,1.0,High,489,489
PIN1,MAP2,4,0.8477703028927568,0.5790145985401458,-0.0080839087387355,-2.8736387128073515,0.30939161434949325,1.0,High,490,490
ETV1,GK,4,0.8481578281681941,0.5334397810218983,-0.0128583931447532,-2.8736387128073515,0.30939161434949325,1.0,High,491,491
TERF2IP,EZH2,4,0.848321695621669,0.5751824817518245,-0.0050861566433327,-2.8736387128073515,0.30939161434949325,1.0,High,492,492
TLK1,STK11,4,0.8484275615895776,0.4981751824817522,-0.0109206819794774,-2.8736387128073515,0.30939161434949325,1.0,High,493,493
NRAS,MAP2,4,0.8019041245409255,0.482983576642336,-0.0080239420864579,-2.8736387128073515,0.30939161434949325,1.0,High,494,494
PRKAA1,TLK1,4,0.848507027606983,0.6484032846715331,-0.0108189524760424,-2.8736387128073515,0.30939161434949325,1.0,High,495,495
PAK4,TERF2IP,4,0.8017372591094691,0.5359032846715324,-0.0054965987064555,-2.8736387128073515,0.30939161434949325,1.0,High,496,496
BRCA1,TERF2IP,4,0.8487452090124936,0.5963959854014598,-0.0054362056113504,-2.8736387128073515,0.30939161434949325,1.0,High,497,497
HNF4A,TLK1,4,0.8489995440102351,0.6213959854014597,-0.0110564126289507,-2.8736387128073515,0.30939161434949325,1.0,High,498,498
BRSK1,ETV1,4,0.8494900383774269,0.6176094890510941,-0.0119903516139389,-2.8736387128073515,0.30939161434949325,1.0,High,499,499
BRSK2,ETV1,4,0.8494922853134241,0.6176094890510941,-0.0119903516139389,-2.8736387128073515,0.30939161434949325,1.0,High,500,500
RHEB,BRAF,4,0.8497910514587437,0.4849452554744529,-0.0110355033788981,-2.8736387128073515,0.30939161434949325,1.0,High,501,501
DDX5,PLK4,4,0.8505570028473777,0.5979014598540142,-0.0127929639887099,-2.8736387128073515,0.30939161434949325,1.0,High,502,502
RIT1,RAF1,4,0.8509926670243146,0.5855839416058393,-0.0166047783638829,-2.8736387128073515,0.30939161434949325,1.0,High,503,503
RAF1,RIT2,4,0.8510029938513686,0.5855839416058393,-0.0166047783638829,-2.8736387128073515,0.30939161434949325,1.0,High,504,504
RAF1,MAP2,4,0.8515785726076093,0.5855839416058393,-0.0166047783638829,-2.8736387128073515,0.30939161434949325,1.0,High,505,505
TP53BP1,TERF2IP,4,0.859312103330172,0.6261861313868611,-0.0049708453022776,-2.8736387128073515,0.30939161434949325,1.0,High,506,506
MAP2,ETV4,4,0.859318480996988,0.4336222627737225,-0.0164226112391267,-2.8736387128073515,0.30939161434949325,1.0,High,507,507
DDX5,DOK1,4,0.8595902343911384,0.6055656934306572,-0.0147238912589612,-2.8736387128073515,0.30939161434949325,1.0,High,508,508
NRAS,RIT1,4,0.8013182189576291,0.482983576642336,-0.0080239420864579,-2.8736387128073515,0.30939161434949325,1.0,High,509,509
RASGRP3,MAP2,4,0.8695769652952556,0.4815693430656935,-0.0084110751856396,-2.8736387128073515,0.30939161434949325,1.0,High,510,510
RRAS2,TERF2IP,4,0.869783939256374,0.6302463503649633,-0.005953194260803,-2.8736387128073515,0.30939161434949325,1.0,High,511,511
RRAS,TERF2IP,4,0.8698841208269616,0.6302463503649633,-0.005953194260803,-2.8736387128073515,0.30939161434949325,1.0,High,512,512
RIT1,DOK1,4,0.8698879090496483,0.5808394160583945,-0.0092680359948979,-2.8736387128073515,0.30939161434949325,1.0,High,513,513
DOK1,RIT2,4,0.8698982358767022,0.5808394160583945,-0.0092680359948979,-2.8736387128073515,0.30939161434949325,1.0,High,514,514
DDX5,PHB2,4,0.8704012379812696,0.5012773722627735,-0.0128492815504324,-2.8736387128073515,0.30939161434949325,1.0,High,515,515
MAP2,DOK1,4,0.8704738146329447,0.5808394160583945,-0.0092680359948979,-2.8736387128073515,0.30939161434949325,1.0,High,516,516
DDR1,RIT1,4,0.8708245264721715,0.5788321167883215,-0.0074759744430395,-2.8736387128073515,0.30939161434949325,1.0,High,517,517
DDR1,RIT2,4,0.8708348532992236,0.5788321167883215,-0.0074759744430395,-2.8736387128073515,0.30939161434949325,1.0,High,518,518
PIAS4,BRAF,4,0.8709148165724434,0.5150091240875918,-0.0101225804342327,-2.8736387128073515,0.30939161434949325,1.0,High,519,519
PPP5C,TERF2IP,4,0.8709180085008033,0.6010948905109483,-0.0066990754456748,-2.8736387128073515,0.30939161434949325,1.0,High,520,520
FOXA1,RAP1GAP,4,0.8710713386704079,0.504242700729927,-0.0116586959294912,-2.8736387128073515,0.30939161434949325,1.0,High,521,521
DDX5,RAPGEF1,4,0.8711754797177704,0.5268248175182477,-0.0135983779693893,-2.8736387128073515,0.30939161434949325,1.0,High,522,522
DDR1,MAP2,4,0.8714104320554661,0.5788321167883215,-0.0074759744430395,-2.8736387128073515,0.30939161434949325,1.0,High,523,523
ATRIP,TERF2IP,4,0.8717577786489414,0.4351277372262774,-0.0050257845874814,-2.8736387128073515,0.30939161434949325,1.0,High,524,524
HOXB13,TERF2IP,4,0.8720767651549401,0.5440237226277373,-0.0079012768120874,-2.8736387128073515,0.30939161434949325,1.0,High,525,525
CERK,RAP1GAP,4,0.872224666776706,0.4726277372262775,-0.0094058348284708,-2.8736387128073515,0.30939161434949325,1.0,High,526,526
ETV1,FOXA2,4,0.8731778752114794,0.6000456204379567,-0.0102136266751142,-2.8736387128073515,0.30939161434949325,1.0,High,527,527
DDX5,MDFI,4,0.8736011513226032,0.6216240875912407,-0.0134431887867397,-2.8736387128073515,0.30939161434949325,1.0,High,528,528
PHB2,TLK1,4,0.8745301551603166,0.500136861313869,-0.0102443682302283,-2.8736387128073515,0.30939161434949325,1.0,High,529,529
PPP2R1A,TERF2IP,4,0.8750070317335847,0.6374543795620435,-0.0054616677610534,-2.8736387128073515,0.30939161434949325,1.0,High,530,530
RAPGEF1,TLK1,4,0.8753043968968193,0.5256843065693428,-0.0109934646491852,-2.8736387128073515,0.30939161434949325,1.0,High,531,531
ETV1,KSR1,4,0.8765261461643146,0.6339872262773723,-0.0102997181956743,-2.8736387128073515,0.30939161434949325,1.0,High,532,532
ETV5,RAP1GAP,4,0.8767219267115092,0.4348996350364964,-0.0111260454034824,-2.8736387128073515,0.30939161434949325,1.0,High,533,533
MDFI,TLK1,4,0.877730068501652,0.6204835766423358,-0.0108382754665356,-2.8736387128073515,0.30939161434949325,1.0,High,534,534
FOXA2,KCNA2,4,0.8792580014855655,0.5989051094890518,-0.00833934422004,-2.8736387128073515,0.30939161434949325,1.0,High,535,535
TERF2IP,PPP2R2A,4,0.8803844034993542,0.5286496350364964,-0.0056258208755526,-2.8736387128073515,0.30939161434949325,1.0,High,536,536
RASGRP3,RIT2,4,0.8690013865390132,0.4815693430656935,-0.0084110751856396,-2.8736387128073515,0.30939161434949325,1.0,High,537,537
RIT1,RASGRP3,4,0.868991059711961,0.4815693430656935,-0.0084110751856396,-2.8736387128073515,0.30939161434949325,1.0,High,538,538
CHEK1,MAP2,4,0.8682657739446427,0.5064324817518244,-0.0079075964449113,-2.8736387128073515,0.30939161434949325,1.0,High,539,539
RASGRP3,TLK1,4,0.8628223022324981,0.5051551094890514,-0.0112620171294988,-2.8736387128073515,0.30939161434949325,1.0,High,540,540
DDR1,DDX5,4,0.8605268518136597,0.6035583941605838,-0.0129318297071028,-2.8736387128073515,0.30939161434949325,1.0,High,541,541
SYNGAP1,TERF2IP,4,0.8608469133000387,0.5010036496350363,-0.0053182598680986,-2.8736387128073515,0.30939161434949325,1.0,High,542,542
RIT1,PLK4,4,0.8608546775058876,0.5731751824817524,-0.0073371087246466,-2.8736387128073515,0.30939161434949325,1.0,High,543,543
PLK4,RIT2,4,0.8608650043329398,0.5731751824817524,-0.0073371087246466,-2.8736387128073515,0.30939161434949325,1.0,High,544,544
PLK4,MAP2,4,0.8614405830891823,0.5731751824817524,-0.0073371087246465,-2.8736387128073515,0.30939161434949325,1.0,High,545,545
ELK4,TERF2,4,0.8614728861469718,0.4796532846715333,-0.0099921293950998,-2.8736387128073515,0.30939161434949325,1.0,High,546,546
CHEK1,TLK1,4,0.8615111108818851,0.5300182481751823,-0.0107585383887706,-2.8736387128073515,0.30939161434949325,1.0,High,547,547
MRAS,TERF2IP,4,0.8616596232410245,0.5675638686131386,-0.0058890878115492,-2.8736387128073515,0.30939161434949325,1.0,High,548,548
ETV5,ETV1,4,0.8618408017992003,0.5098083941605838,-0.0182296911791343,-2.8736387128073515,0.30939161434949325,1.0,High,549,549
PPM1D,BRAF,4,0.8618944682870353,0.6616332116788328,-0.0093299566156075,-2.8736387128073515,0.30939161434949325,1.0,High,550,550
FOXA1,KCNA2,4,0.8622703400321843,0.57801094890511,-0.0168880592500688,-2.8736387128073515,0.30939161434949325,1.0,High,551,551
CEACAM1,TERF2IP,4,0.8627810093673745,0.4272354014598543,-0.0051147990565175,-2.8736387128073515,0.30939161434949325,1.0,High,552,552
RAP1GAP,GK,4,0.8630389530805047,0.45853102189781,-0.0057547473691013,-2.8736387128073515,0.30939161434949325,1.0,High,553,553
ETV5,KCNA2,4,0.8679209280732856,0.5086678832116789,-0.0163554087240601,-2.8736387128073515,0.30939161434949325,1.0,High,554,554
TERF2IP,TSC22D3,4,0.8630737589237807,0.4729927007299266,-0.0073703418572166,-2.8736387128073515,0.30939161434949325,1.0,High,555,555
CERK,KCNA2,4,0.8634236681384806,0.54639598540146,-0.0146351981490485,-2.8736387128073515,0.30939161434949325,1.0,High,556,556
DOK1,TLK1,4,0.8637191515701872,0.6044251824817524,-0.0121189779387572,-2.8736387128073515,0.30939161434949325,1.0,High,557,557
BRSK1,RAP1GAP,4,0.8643711632897357,0.5427007299270068,-0.0048867058382871,-2.8736387128073515,0.30939161434949325,1.0,High,558,558
RAP1GAP,BRSK2,4,0.8643734102257312,0.5427007299270068,-0.0048867058382871,-2.8736387128073515,0.30939161434949325,1.0,High,559,559
DDR1,TLK1,4,0.8646557689927068,0.6024178832116789,-0.0103269163868987,-2.8736387128073515,0.30939161434949325,1.0,High,560,560
BAG4,TERF2IP,4,0.8654855156191861,0.5027372262773722,-0.0052539426649169,-2.8736387128073515,0.30939161434949325,1.0,High,561,561
CCM2,TERF2IP,4,0.8659657285519735,0.5274635036496349,-0.0050550433915732,-2.8736387128073515,0.30939161434949325,1.0,High,562,562
TERF2IP,PLCE1,4,0.8671813786984579,0.5014598540145982,-0.0054595349438356,-2.8736387128073515,0.30939161434949325,1.0,High,563,563
RAP2B,TERF2IP,4,0.867629424751355,0.5000912408759128,-0.0053057978266719,-2.8736387128073515,0.30939161434949325,1.0,High,564,564
CHEK1,RIT1,4,0.867679868361348,0.5064324817518244,-0.0079075964449114,-2.8736387128073515,0.30939161434949325,1.0,High,565,565
CHEK1,RIT2,4,0.867690195188402,0.5064324817518244,-0.0079075964449114,-2.8736387128073515,0.30939161434949325,1.0,High,566,566
DDX5,PROX1,4,0.8035646948376307,0.4473083941605837,-0.0131005772602031,-2.8736387128073515,0.30939161434949325,1.0,High,567,567
FOXA2,RIT2,4,0.966844618908098,0.6367244525547444,-0.0084109257367008,-2.935197461727338,0.3,1.0,Low,568,568
ETV5,TERF2IP,4,1.0005221165353024,0.55228102189781,-0.0140030547257235,-2.935197461727338,0.3,1.0,Low,569,569
ETV5,RIT2,4,0.95550754549582,0.5464872262773728,-0.0164269902407209,-2.935197461727338,0.3,1.0,Low,570,570
PIAS4,TERF2IP,4,0.9735469112367464,0.5198905109489047,-0.005806467084996,-2.935197461727338,0.3,1.0,Low,571,571
KSR1,MAP2,4,0.9707684686171768,0.6706660583941604,-0.0084970172572609,-2.935197461727338,0.3,1.0,Low,572,572
KSR1,RIT2,4,0.9701928898609342,0.6706660583941604,-0.0084970172572609,-2.935197461727338,0.3,1.0,Low,573,573
RIT1,KSR1,4,0.9701825630338804,0.6706660583941604,-0.0084970172572609,-2.935197461727338,0.3,1.0,Low,574,574
MAP2,FOXA2,4,0.9674201976643388,0.6367244525547444,-0.0084109257367008,-2.935197461727338,0.3,1.0,Low,575,575
ETV5,RIT1,4,0.9554972186687642,0.5464872262773728,-0.0164269902407209,-2.935197461727338,0.3,1.0,Low,576,576
ETV5,MAP2,4,0.9560831242520608,0.5464872262773728,-0.0164269902407209,-2.935197461727338,0.3,1.0,Low,577,577
RAP1GAP,TLK1,4,0.996514725787156,0.5740419708029196,-0.0122334933165923,-2.935197461727338,0.3,1.0,Low,578,578
DDX5,FOXA2,4,0.9565366174225334,0.6614507299270072,-0.0138667810007641,-2.935197461727338,0.3,1.0,Low,579,579
TERF2,KCNA2,4,0.9579609313745578,0.5948448905109496,-0.0082071490069853,-2.935197461727338,0.3,1.0,Low,580,580
DDX5,KSR1,4,0.9598848883753686,0.6953923357664231,-0.0139528725213242,-2.935197461727338,0.3,1.0,Low,581,581
FOXA2,TLK1,4,0.9606655346015812,0.6603102189781023,-0.01126186768056,-2.935197461727338,0.3,1.0,Low,582,582
KSR1,TLK1,4,0.9640138055544174,0.6942518248175182,-0.0113479592011202,-2.935197461727338,0.3,1.0,Low,583,583
PPM1D,TERF2IP,4,0.9645265629513364,0.6665145985401457,-0.0050138432663708,-2.935197461727338,0.3,1.0,Low,584,584
DDX5,ETV1,4,0.9775046836958,0.6500912408759123,-0.0219420524124482,-2.935197461727338,0.3,1.0,Low,585,585
ETV1,TLK1,4,0.981633600874849,0.6489507299270074,-0.0193371390922441,-2.935197461727338,0.3,1.0,Low,586,586
DDX5,KCNA2,4,0.9835848099698854,0.6489507299270074,-0.0200677699573741,-2.935197461727338,0.3,1.0,Low,587,587
GK,TERF2IP,4,0.986839142904298,0.5759124087591241,-0.0086317566913424,-2.935197461727338,0.3,1.0,Low,588,588
TLK1,KCNA2,4,0.9877137271489342,0.647810218978103,-0.01746285663717,-2.935197461727338,0.3,1.0,Low,589,589
RIT1,ETV1,4,0.9878023583543084,0.62536496350365,-0.0164861971483849,-2.935197461727338,0.3,1.0,Low,590,590
ETV1,RIT2,4,0.987812685181364,0.62536496350365,-0.0164861971483849,-2.935197461727338,0.3,1.0,Low,591,591
BRAF,TERF2,4,0.9879300251722744,0.6335766423357669,-0.0101709083578854,-2.935197461727338,0.3,1.0,Low,592,592
BRSK1,TERF2IP,4,0.988171353113529,0.6600821167883208,-0.0077637151605282,-2.935197461727338,0.3,1.0,Low,593,593
BRSK2,TERF2IP,4,0.9881736000495264,0.6600821167883208,-0.0077637151605282,-2.935197461727338,0.3,1.0,Low,594,594
RIT1,FOXA2,4,0.9668342920810424,0.6367244525547444,-0.0084109257367008,-2.935197461727338,0.3,1.0,Low,595,595
DDX5,RAP1GAP,4,0.992385808608109,0.5751824817518245,-0.0148384066367964,-2.935197461727338,0.3,1.0,Low,596,596
RIT1,KCNA2,4,0.9938824846283936,0.6242244525547456,-0.0146119146933107,-2.935197461727338,0.3,1.0,Low,597,597
RIT2,KCNA2,4,0.9938928114554492,0.6242244525547456,-0.0146119146933107,-2.935197461727338,0.3,1.0,Low,598,598
MAP2,KCNA2,4,0.99446839021169,0.6242244525547456,-0.0146119146933107,-2.935197461727338,0.3,1.0,Low,599,599
FOXA1,TERF2IP,4,0.9948715284942012,0.6216240875912407,-0.0145357052517322,-2.935197461727338,0.3,1.0,Low,600,600
CERK,TERF2IP,4,0.9960248566004992,0.5900091240875907,-0.0122828441507119,-2.935197461727338,0.3,1.0,Low,601,601
ETV1,MAP2,4,0.9883882639376048,0.62536496350365,-0.0164861971483849,-2.935197461727338,0.3,1.0,Low,602,602
