gene_u,gene_v,bucket_pen,pen_diff,is_known,score,rank_in_bucket
TUBB3,EDNRB,1,0.6639211250986818,1,1.4315383963522974,78
KIR2DS4,HSPB2,1,0.7072876234813847,1,1.2267188228899315,92
SHMT1,FOXO1,1,0.7711142429411382,1,2.5305954141435096,39
HMMR,EPHX1,1,0.5951468353880394,1,4.113663949273792,8
TOP2A,MYB,1,0.7128593277387694,1,2.8593880119217796,25
FCGR3A,EPCAM,1,0.8217623502931666,1,-1.3119285246621313,175
TOP2A,RPSA,1,0.6446634124489599,1,-0.5184850123786412,168
TAF1,AKR7A2,1,0.7486484898158778,1,2.290312972768155,49
ATIC,IL1RN,1,0.7161446258417303,1,0.6924217966871116,127
ERCC1,NF2,1,0.743061320919999,1,1.6393029908809114,69
SULT2A1,ADA,1,0.6167898439552193,1,1.0053168206264593,105
IGFBP3,HMMR,1,0.6937755879013654,1,2.089496380843619,55
CDKN1A,CCNK,1,0.6615622890990149,1,1.7824453893280359,64
GNL3,CCNK,1,0.846000004371346,1,2.358359471182095,46
ERCC1,BRCA2,1,0.6754707710467471,1,0.9385528331633346,113
IGF2,DCK,1,0.714616321357088,1,2.9465714105876306,20
CCNK,FOXP3,1,0.8039470145995082,1,2.9996594517925925,18
ERCC1,MAD1L1,1,0.7089766893962466,1,2.9998119992345615,17
STMN1,TUBA3C,1,0.7985809030512883,1,1.7780583964667283,65
TNFAIP3,SLAMF1,1,0.718829617973924,1,1.348027055719332,83
ERCC1,MIR21,1,0.7163050550750683,1,0.2569130071613662,147
TP53AIP1,DKK1,1,0.8451322558793297,1,3.671160666438278,12
LRP2,CDH17,1,0.7303488788358852,1,0.9569043258705577,112
CDKN1B,SLC22A9,1,0.7367220080429888,1,1.2302786180349532,91
XRCC4,BCL2,1,0.8197000000003261,1,2.743214462383948,35
WEE1,ERCC1,1,0.6564435309033776,1,-0.6382883797194042,170
KLC1,MYB,1,0.7128593277387694,1,2.8593880119217796,26
HLA-G,HSPB2,1,0.648876226069028,1,0.9690043312412107,108
SOX10,BCL2,1,0.8197000000003261,1,2.743214462383948,36
ESR2,HSPB2,1,0.7586016631701806,1,0.26743234974155006,146
BAP1,STAG2,1,0.8260436991873288,1,-2.8701417966502327,184
TUBA1A,GSTM1,1,0.8555354685727377,1,-0.4242793612783977,167
DSCAM,EIF4EBP1,1,0.781780708541282,1,1.7835486572562704,63
TUBA1A,ERCC2,1,0.5994353439989268,1,4.353359387947958,1
CCNK,EPHX1,1,0.5951468353880394,1,4.113663949273792,9
S100A8,TAT,1,0.6462862378707843,1,0.056164340542267314,158
KLC1,PPP2R5D,1,0.7281209349596693,1,1.9934974054290642,58
MDM4,PERP,1,0.8236006534665314,1,1.3522017391513093,81
DSCAM,BARD1,1,0.6832368891514609,1,0.631345057288969,133
ERCC1,RNF8,1,0.6790848588166547,1,0.34190781245243806,140
BCL2,TUBA3C,1,0.8197000000003261,1,2.743214462383948,37
TUBA4A,MDM4,1,0.8236006534665314,1,1.3522017391513093,82
ALCAM,RBX1,1,0.6411834294959249,1,2.234272802277048,50
TP53AIP1,GSTP1,1,0.6783528367867646,1,1.4547538379270468,75
FANCA,EIF3A,1,0.7172457623047244,1,0.20829812976235737,149
SLC22A9,NOS3,1,0.5879132397940143,1,4.223164533498404,2
BMP7,PERP,1,0.5826019123178252,1,2.7489288063548742,31
MAP3K1,RRM1,1,0.7691434784512357,1,3.151477307896259,14
XRCC1,TNFRSF1A,1,0.7476308287440929,1,0.4919069733605881,135
BRD4,XRCC4,1,0.7852180610196395,1,2.373473587644115,45
ERCC1,GSTP1,1,0.6783528367867646,1,1.4547538379270468,76
SLC22A9,TLR4,1,0.7062418568059972,1,0.07907517508859395,154
TLR4,HSPB2,1,0.7062418568059972,1,0.07907517508859395,155
TUBA4A,EDNRB,1,0.6639211250986818,1,1.4315383963522974,79
TOP2A,GATA3,1,0.8131855275814104,1,1.0043207240320269,106
HGF,HSPB2,1,0.6052095047647335,1,2.480588975902968,41
LIG3,XPC,1,0.6498253081566219,1,1.1608996923283812,94
HMMR,NOS3,1,0.5879132397940143,1,4.223164533498404,3
SHMT1,IGFBP3,1,0.6937755879013654,1,2.089496380843619,56
DSCAM,LIF,1,0.6433993989862454,1,2.8619221399845243,22
GNL3,PERP,1,0.846000004371346,1,2.358359471182095,47
CETP,COL18A1,1,0.6976837835478467,1,-0.8821700266646562,172
HMGB1,MUTYH,1,0.7356960617190129,1,-0.6805264681047574,171
BMP7,PYGL,1,0.5826019123178252,1,2.7489288063548742,32
STAT1,ERCC1,1,0.74243179692313,1,0.2935508436042709,144
MYOD1,SDHB,1,0.7152443111289148,1,0.07321590131406512,156
GABPA,PPP1R13L,1,0.8359980723842817,1,1.3395726511598487,86
PLD2,CETP,1,0.647341555206193,1,1.6425335783054469,68
SHMT1,SMAD4,1,0.6134409520066253,1,2.731363029477884,38
CASP7,TUBA1B,1,0.8360627305711787,1,1.6391766774288452,72
TUBA1A,LIF,1,0.6433993989862454,1,2.8619221399845243,23
XRCC4,NOS3,1,0.5879132397940143,1,4.223164533498404,4
TUBA1A,BRCA2,1,0.6754707710467471,1,0.9385528331633346,114
EXO1,HLA-G,1,0.648876226069028,1,0.9690043312412107,109
TOP2A,PIM1,1,0.7060605538074771,1,-2.2475431398804377,183
TP53AIP1,TSHB,1,0.6049783919052079,1,1.9626917437954583,61
TUBA1A,IGF2,1,0.714616321357088,1,2.9465714105876306,21
EXO1,WNT5B,1,0.8211854773147866,1,0.39129573044409977,138
ATRX,ZEB1,1,0.7400165136815922,1,0.3010768983378562,143
TYMS,CES1,1,0.5951450847979523,1,4.113663949273792,10
XPC,BRCA2,1,0.6754707710467471,1,0.9385528331633346,115
ACSS2,TUBA3C,1,0.7004993552761487,1,2.2217438960758376,52
ABCG1,CDC25C,1,0.6292941472159868,1,1.3393649764630766,88
PERP,CDC25C,1,0.6292941472159868,1,1.3393649764630766,89
TUBB3,MMP2,1,0.6827264664746675,1,0.10895114132047037,152
BRCA2,CDH17,1,0.6754707710467471,1,0.9385528331633346,116
GADD45A,EIF3A,1,0.7212783591226248,1,0.8832734056512906,119
TP53AIP1,NQO1,1,0.7689475544194053,1,2.773669522695962,28
S100A12,TNFAIP3,1,0.718829617973924,1,1.348027055719332,84
PTPRC,HMMR,1,0.6472538399338852,1,2.0678134067143543,57
GAPDH,DHFR,1,0.696381104117819,1,1.0686113537538438,103
XRCC4,CHN2,1,0.7584767702599606,1,1.10110780983536,101
GABPA,GRP,1,0.6833201569196454,1,0.9774747983067242,107
CASP7,RRM1,1,0.8360627305711787,1,1.6391766774288452,73
XPC,GSTP1,1,0.6783528367867646,1,1.4547538379270468,77
GNL3,KLC1,1,0.846000004371346,1,2.358359471182095,48
IL6R,ERCC1,1,0.725970226855809,1,1.984648109973431,59
BIRC5,CCNK,1,0.8192042464379501,1,0.657159461080124,130
AFP,AKR7A2,1,0.6295382332375024,1,0.12992452791407172,150
IL11,MUC2,1,0.6491996066092867,1,2.381354909453608,42
IL1RN,SLCO1B1,1,0.7161446258417303,1,0.6924217966871116,128
SELE,CES1,1,0.6381081847192771,1,0.755160191953418,124
XRCC1,MYB,1,0.7128593277387694,1,2.8593880119217796,27
CYP2B6,MUTYH,1,0.6229903619200847,1,-0.9008761260269337,173
ERCC1,HLA-G,1,0.648876226069028,1,0.9690043312412107,110
TUBB3,SLC10A2,1,0.6414566767203116,1,-1.3407175985288948,176
RRM1,FHL2,1,0.8255864542358395,1,0.05782132356699865,157
SHMT1,NQO1,1,0.7689475544194053,1,2.773669522695962,29
TUBB3,LIF,1,0.6433993989862454,1,2.8619221399845243,24
CYP2B6,PERP,1,0.6252548977186692,1,-0.12449847816560483,162
TUBA1A,ACSS2,1,0.7004993552761487,1,2.2217438960758376,53
LIG3,CCNK,1,0.6498253081566219,1,1.1608996923283812,95
SELE,PERP,1,0.6381081847192771,1,0.755160191953418,125
GABPA,FANCC,1,0.750204838709994,1,0.6992828218956104,126
PLD1,HSPB2,1,0.6357528761258582,1,0.8066071185326382,122
ABCG1,NOS3,1,0.5879132397940143,1,4.223164533498404,5
IL1RN,SLAMF1,1,0.7161446258417303,1,0.6924217966871116,129
ERCC1,FOXO1,1,0.7711142429411382,1,2.5305954141435096,40
ATRX,NCF4,1,0.6941162273803396,1,0.6567001635350594,131
TP53AIP1,FOXP3,1,0.8039470145995082,1,2.9996594517925925,19
ERCC1,ATR,1,0.680063936970333,1,1.225486564746021,93
DSCAM,ETS2,1,0.7441094391995406,1,1.7909297715342753,62
LIG3,RRM1,1,0.6498253081566219,1,1.1608996923283812,96
GABPA,BRCA2,1,0.6754707710467471,1,0.9385528331633346,117
ATRX,DAPK1,1,0.7949707251511349,1,-0.03868104048791434,160
EXO1,CHN2,1,0.7584767702599606,1,1.10110780983536,102
TPT1,HMMR,1,0.7147288311918629,1,2.2243040622693058,51
CYP2B6,HMMR,1,0.6252548977186692,1,-0.12449847816560483,163
BRCA1,TUBA3C,1,0.8328059555034262,1,1.1296316351400417,99
TUBB3,STMN1,1,0.7985809030512883,1,1.7780583964667283,66
TOP2A,EZH2,1,0.7953350620686876,1,0.12055633618664577,151
XRCC1,LIG3,1,0.6498253081566219,1,1.1608996923283812,97
SLAMF1,NOS3,1,0.5879132397940143,1,4.223164533498404,6
ERCC1,IL5,1,0.6690928140575068,1,0.831499765728112,121
IL11,ABCG1,1,0.6491996066092867,1,2.381354909453608,43
GADD45A,XPC,1,0.7212783591226248,1,0.8832734056512906,120
TUBA1A,MMP2,1,0.6827264664746675,1,0.10895114132047037,153
GABPA,CDC25C,1,0.6292941472159868,1,1.3393649764630766,90
MUTYH,MYCN,1,0.8442303282632757,1,-0.5274800056750927,169
TUBA1A,APC,1,0.6987509659938524,1,0.3488285619751933,139
E2F7,DHFR,1,0.7170417409741994,1,-3.718697184847674,186
ERCC1,TNFRSF1A,1,0.7476308287440929,1,0.4919069733605881,136
TOP2A,NCF4,1,0.6941162273803396,1,0.6567001635350594,132
ATIC,ICAM3,1,0.7031086611595292,1,1.1115405443908786,100
TUBA1A,PTHLH,1,0.6469939767465505,1,0.9090183885610036,118
STAT1,CDH17,1,0.74243179692313,1,0.2935508436042709,145
ATRX,BMP7,1,0.5826019123178252,1,2.7489288063548742,33
IL11,XRCC1,1,0.6491996066092867,1,2.381354909453608,44
EXO1,TYMP,1,0.713050974735868,1,0.44559538042112484,137
HLA-G,SLCO1B1,1,0.648876226069028,1,0.9690043312412107,111
MUTYH,FANCC,1,0.7479403029114096,1,0.6003620804811195,134
LRP2,MUTYH,1,0.7280843430373007,1,-1.034807693801943,174
NF2,MUTYH,1,0.7407967851214146,1,-1.5701440504363946,178
CASP7,TUBA1C,1,0.8360627305711787,1,1.6391766774288452,74
TUBA1A,FOS,1,0.6823120180963098,1,1.7396649324132574,67
DSCAM,RNF8,1,0.6790848588166547,1,0.34190781245243806,141
CBL,CDSN,1,0.5844567794390869,1,1.0074227500110853,104
XRCC1,GAS6,1,0.8451457732322449,1,3.137837207688296,15
ERCC1,DAPK1,1,0.7949707251511349,1,-0.03868104048791434,161
TNFAIP3,HSPB2,1,0.718829617973924,1,1.348027055719332,85
ERCC2,MUTYH,1,0.5971708082003424,1,-0.0293233439864738,159
XRCC1,RNF8,1,0.6790848588166547,1,0.34190781245243806,142
TBXA2R,TUBB3,1,0.6340833180351115,1,-0.18706223410224532,164
TP53AIP1,LIG3,1,0.6498253081566219,1,1.1608996923283812,98
TUBA1B,SLC10A2,1,0.6414566767203116,1,-1.3407175985288948,177
ERCC1,PPP1R13L,1,0.8359980723842817,1,1.3395726511598487,87
GNL3,MUTYH,1,0.8437354685727616,1,0.7816212044721019,123
VEGFA,CES1,1,0.7451777471810228,1,-2.092869376416169,182
XRCC1,NQO1,1,0.7689475544194053,1,2.773669522695962,30
CCNA2,DHFR,1,0.6848613493315643,1,-3.4026457849028273,185
KLC1,NOS3,1,0.5879132397940143,1,4.223164533498404,7
NF2,CDSN,1,0.743061320919999,1,1.6393029908809114,70
NF2,CDH17,1,0.743061320919999,1,1.6393029908809114,71
TUBB3,SPG7,1,0.6672427572343445,1,-1.7814215792035324,179
MIR21,EIF3A,1,0.7163050550750683,1,0.2569130071613662,148
PON1,CCNK,1,0.6326675255707261,1,3.2686899237197546,13
SPG7,XRCC4,1,0.6672427572343445,1,-1.7814215792035324,180
BMP7,HMMR,1,0.5826019123178252,1,2.7489288063548742,34
TOP2A,RAC2,1,0.7287703820267222,1,-0.3505129739043277,166
NFE2,EDNRB,1,0.6639211250986818,1,1.4315383963522974,80
CHEK1,STAG2,1,0.710887512020598,1,-2.0435716986226953,181
PERP,EPHX1,1,0.5951468353880394,1,4.113663949273792,11
PRDX4,GAS6,1,0.8451457732322449,1,3.137837207688296,16
DFFB,EIF3A,1,0.7441106521552499,1,2.1262475647710612,54
ERCC1,NTF3,1,0.6493723795789528,1,-0.25055930985452796,165
IL6R,TP53AIP1,1,0.725970226855809,1,1.984648109973431,60
PON1,RBX1,2,1.2738509550660044,1,-0.15419651644403717,17
HGF,ADA,2,1.221999348719308,1,-1.7999583767030052,40
CXCL12,TNFRSF1A,2,1.298714865809952,1,-0.211821661331291,18
ERCC2,FXN,2,1.204076558265589,1,-1.95307485689987,41
EDN1,SP3,2,1.2934782651455423,1,-1.6967778306459427,37
HLA-C,ADA,2,1.2871180850599,1,-2.5047991005667587,49
NCF4,BMP7,2,1.27671813969752,1,-0.2229369804422245,20
TGM2,PLD2,2,1.268847810123261,1,-3.4595616062777266,51
SMAD4,TSHB,2,1.2184193439111874,1,-2.72346350704867,50
ERCC2,EPHX1,2,1.1945821793863214,1,1.0432338651942574,12
GCLC,FXN,2,1.28087859515694,1,-0.8030634541099402,30
MYB,BMP7,2,1.2954612400559498,1,0.44393758380909853,13
EDN1,F5,2,1.1431232887490133,1,-0.44440069103706453,22
NOS3,CDC25C,2,1.2172073870093545,1,0.4276029688805414,14
CXCL12,PPP2R5D,2,1.2792049720255276,1,-0.05694125951575883,16
PI4KA,CDK4,2,1.2677693373546557,1,-0.9460155237643179,31
CDK6,CDK4,2,1.2470781165311573,1,0.017572189663735135,15
ERCC2,BRCA2,2,1.2749061150450292,1,-1.7669647682781204,39
CYP19A1,ESR1,2,0.992886388670664,1,3.5567460726957116,1
RBX1,EPHX1,2,1.2363302648833194,1,-0.7833559645068112,28
SULT2A1,IKZF1,2,1.0009829006035211,1,1.966306466740482,9
XRCC1,FBXW7,2,0.8756198006822178,1,2.9561276646922474,2
TYMS,RBX1,2,1.2363285142932323,1,-0.7833559645068112,29
EPHX1,CDC25C,2,1.224440982603383,1,1.9308657764892603,11
CBL,HLA-C,2,1.2547850205437685,1,-0.4701516849617634,24
IKZF1,PYGL,2,1.0009829006035211,1,1.966306466740482,10
IL11,CDC25C,2,1.2784937538246268,1,-0.5329094561658357,25
IRS1,EPHX1,2,1.28561546682403,1,-1.9566072598396613,42
SOD2,SLC22A9,2,0.8946287503281507,1,2.1450323593671548,5
TYMS,IGFBP3,2,1.2889206726986746,1,-2.199785612650842,44
TP53AIP1,SOD2,2,0.8946287503281507,1,2.1450323593671548,6
LIF,CDC25C,2,1.2726935462015856,1,-2.338454198675603,46
SOD2,HSPB2,2,0.8946287503281507,1,2.1450323593671548,7
IL11,PTPRC,2,1.2964534465425253,1,-0.4533158402338663,23
BRCA2,EPHX1,2,1.2706176064341437,1,-2.447521207191557,48
BRAF,CDK4,2,1.2880422327126535,1,-2.3556115167850393,47
SMAD4,CDC25C,2,1.2427350992219657,1,-1.2622915806886157,33
ICAM3,NOS3,2,1.291021900952897,1,-1.5061490165820215,34
HGF,NOS3,2,1.193122744558103,1,-1.7048222204415207,38
ACTB,EPHX1,2,1.2263664590436356,1,-0.23374932680806595,21
CBLB,CDC25C,2,1.2478094129731565,1,-0.5800549007282368,27
IL11,HLA-G,2,1.2980758326776698,1,-1.5692922912001195,35
TSHB,NOS3,2,1.1928916316985756,1,-0.5334036335522081,26
ACTB,RBX1,2,1.2724030531515176,1,-2.289683927448624,45
SELE,CDC25C,2,1.2674023319346173,1,-1.618309255550937,36
TUBA1B,FBXW7,2,0.8756198006822178,1,2.9561276646922474,3
TUBA1A,FBXW7,2,0.8756198006822178,1,2.9561276646922474,4
CBL,IGF2,2,1.299073100795531,1,-0.21422451132853967,19
ERCC2,GRP,2,1.2827555009179274,1,-1.995415792325046,43
XRCC1,SOD2,2,0.8946287503281507,1,2.1450323593671548,8
ERCC2,FOS,2,1.2817473620945918,1,-0.9930236980930236,32
WEE1,ACSS2,3,1.3569428861788797,1,-0.12896408260698586,95
SOD2,ICAM3,3,1.5977374114870333,1,-1.5030429578094051,204
CCND1,CCND2,3,1.578498725850168,1,2.5381050086895813,13
ACSS2,FHL2,3,1.5260858095113434,1,0.22568238305223454,65
PLD2,NCOA3,3,1.523010542879608,1,-0.6849644999032408,143
ACTB,GATA3,3,1.4444051512370049,1,0.9121814888594313,39
CCND1,PTPRM,3,1.6855476724364138,1,0.6190874684293816,45
IL6R,TPT1,3,1.440699058047029,1,-1.5197430298790016,205
BIRC5,ERBB3,3,1.536721719555901,1,-0.20951634128899763,108
EPHA5,SOD2,3,1.6019169223708252,1,1.018501797043878,35
GNL3,TYMP,3,1.559050979106571,1,0.11859296198290119,73
TYMS,TYMP,3,1.3081960595331772,1,-1.3252428604543032,194
CDKN2B,PRKX,3,1.4478354489028824,1,-1.0782709024582084,175
MTOR,BRAF,3,1.3896374049304994,1,-0.19373584571866587,104
IGFBP3,DKK1,3,1.5389078437800503,1,-0.6378801884817835,138
PIK3R5,SGK1,3,1.4765622082349903,1,-0.10312847126019975,93
LRP2,MIR21,3,1.446653933910305,1,-1.9192902646692644,224
MYB,NOS3,3,1.3007725675321389,1,-2.743175842635924,249
MTOR,VHL,3,1.4725683975871924,1,-0.9849617680153071,165
AFP,RAC2,3,1.3583086152635797,1,-1.6460055964230167,214
FCGR2A,BIRC5,3,1.577614841769389,1,-2.6155822757032747,246
CCND1,HLA-C,3,1.568674267855597,1,1.1210769079921725,32
IRS1,BCL2,3,1.5101686314363167,1,-1.8084337160270798,219
PIK3CA,CDK4,3,1.3346868913366574,1,-0.5760062967585629,129
FOXP3,NOS3,3,1.3918602543928775,1,-1.6302873477318238,213
RRM2,HLA-C,3,1.432207282105101,1,-0.5371615220600928,126
FGFR2,PGR,3,1.5355607614301905,1,-0.6003902928239438,131
PLD2,CCNA2,3,1.3322029045371124,1,-1.0366235879591625,171
CBL,ETS2,3,1.3285662186379827,1,-1.8343805242849123,222
DFFB,FANCC,3,1.494315490864599,1,0.5866646686968473,47
ACTB,MYCN,3,1.4777144877174582,1,-0.28089341221207764,113
ZEB1,MYB,3,1.4528758414197158,1,-0.7322935680370696,146
GCLC,FANCC,3,1.4264422195996271,1,0.4248796963872573,51
CBLB,CHN2,3,1.3769920360171302,1,-1.6028676716678023,211
PTEN,CDK4,3,1.4468948312789518,1,-1.1085622195755054,180
SOD2,TLR4,3,1.600870607133503,1,0.06603853776014025,76
EEF2K,PIK3CA,3,1.4261736231313993,1,1.7270298180715775,24
SMARCA4,SMARCB1,3,1.4868238875775823,1,1.116006694013116,33
MAP3K1,NR1I3,3,1.638847034268735,1,3.762335509624116,6
TP73,HLA-C,3,1.3337539601363917,1,-1.125585452582709,181
ACSS2,MAD1L1,3,1.4094760446717522,1,2.1792961843572436,16
CDKN1A,CHN2,3,1.4200390593583272,1,-0.1555829589710357,98
MDM4,STK11,3,1.454565547687725,1,-0.45466206084158556,120
TP73,ACSS2,3,1.3639250743072129,1,-2.18932848916851,234
KRAS,ARID1A,3,1.309630035405192,1,-0.8653442211480111,158
SMAD4,NQO1,3,1.3823885064253858,1,-0.08240032953231431,89
PIK3C3,SGK1,3,1.5776683910306843,1,-1.5612317494323844,207
F5,TFF3,3,1.46101848937845,1,-2.784155709100968,250
MTOR,BAP1,3,1.5320887927266431,1,-0.6082468257735626,133
FOXO1,FOXP3,3,1.5750612575400016,1,-0.4602863546838783,121
UBE2I,FANCC,3,1.4754366094064115,1,-0.49077410295781976,122
FCGR2A,FCGR3A,3,1.5801729456246054,1,-3.3578920738420828,256
PIK3R5,CDK4,3,1.3381666885217207,1,0.3460177572964921,59
CDKN1B,PTPRM,3,1.5239236537284873,1,-1.4480916114522493,203
BRAF,HERC2,3,1.472755398199153,1,-0.1305117475245154,97
MTOR,STK11,3,1.337009987761154,1,-0.3196986874136972,116
COMT,ACSS2,3,1.3898154799370896,1,-0.8566285520574848,157
GADD45A,BRCA2,3,1.3967491301687271,1,-0.7467332230397757,147
KDM5C,TSC2,3,1.3999327323192734,1,0.900689610246604,40
GRP,CDC25C,3,1.3126143041349856,1,0.4174707453834825,54
ACTB,FOXO1,3,1.4023338665967344,1,-0.7532067576810496,150
GADD45A,EPHX1,3,1.3164251945100194,1,-0.8413467453939723,154
LRP2,GCLC,3,1.4065862597255163,1,-0.07917008715679352,88
TERC,ACSS2,3,1.478911148264718,1,0.04558404732380883,78
FCGR2A,PTEN,3,1.6008555052889228,1,0.12195165112013584,72
PARP1,ATR,3,1.3661258283066715,1,-3.0961156718793523,254
PIK3R3,SGK1,3,1.479572466998862,1,-0.5434587238948244,127
SELE,TPT1,3,1.3528370159104934,1,-2.0867343584356477,229
MIR21,BRCA2,3,1.3917758261211706,1,-0.44521404853034086,118
STAT1,DFFB,3,1.486542449077734,1,1.6532511761229565,26
BRD4,GAS6,3,1.6303638342512414,1,-1.9847620306710894,225
ERCC2,MAD1L1,3,1.3084120333945304,1,0.6063597560317207,46
VEGFA,CYP1A1,3,1.5529371404843015,1,-1.5855711232960557,209
CBL,PPP1R13L,3,1.4204548518227256,1,-1.4211066053934047,201
JAK3,CX3CL1,3,1.3331454738176245,1,-0.09346694971638808,92
CCNA2,COL18A1,3,1.382545132878766,1,-2.0799852730275386,228
MYB,EDNRB,3,1.3767804528368055,1,-0.6804089942521522,141
PTPRC,CDKN1A,3,1.3088161290322535,1,0.40978085156101374,55
AFP,TNFAIP3,3,1.3483678512107806,1,-2.3286591868415636,240
PTPRM,NOS3,3,1.3751148854795137,1,-2.3148114441144574,239
PTEN,PSMD4,3,1.4839015866771517,1,0.4219577104373294,53
STAT1,COMT,3,1.431747921584071,1,-1.3802582496213855,195
PLD1,GAPDH,3,1.3321339802430323,1,-0.20933441968326702,107
TFPI,PIK3CA,3,1.4606707623044022,1,1.37575714539002,29
CCND1,RB1,3,1.5419514358772606,1,2.729795620660066,12
CYBA,TAF1,3,1.4537072187254214,1,-2.109472549102134,230
SMARCB1,RB1,3,1.3060855253955754,1,-0.4041469253678215,117
ESR1,MYOD1,3,1.7103952355975185,1,0.3672046265643032,58
BARD1,PIK3CA,3,1.4134738591660057,1,4.858069331007636,3
ERCC2,MIR21,3,1.3157403990733485,1,-1.196454566972023,187
EDN1,PGR,3,1.3713880649532202,1,-1.1924284753433494,186
NF2,KDM5C,3,1.395831477838998,1,-1.3912175500077562,196
IL1RN,PTPRM,3,1.503346271527228,1,-1.1062740996270994,179
ERBB4,HLA-DQA1,3,1.4450191428446535,1,-1.2838621403189032,190
GATA3,SP3,3,1.5772104598304022,1,0.20177246684166905,66
PON1,MDM4,3,1.4562681790366128,1,-0.5341799294586828,125
GNAQ,TSC2,3,1.5283726243552778,1,-1.1279484034485203,182
RNF8,ERBB3,3,1.3966023319346077,1,1.0942581360651122,34
BARD1,NR1I3,3,1.55294044496896,1,0.16337139538366646,71
RPTOR,TSC1,3,1.601606591485286,1,2.0690375123414215,18
MYB,FOXO1,3,1.4839735706792636,1,-0.089421924983931,91
PIK3R1,BRAF,3,1.3749549895095807,1,0.4755645785935129,50
MYOD1,BMP7,3,1.3001107592446797,1,-1.8162314062400369,221
AFP,MYB,3,1.342397560975627,1,-0.2498473497172546,110
IL1RN,KIR2DS4,3,1.4234322493224685,1,-0.12917207272727557,96
LIG3,TNFRSF1A,3,1.3974561369000718,1,-0.23398491417228304,109
HMGB1,GSTP1,3,1.4163134343037171,1,-0.5210493167251461,124
LIG3,MYCN,3,1.496320172217839,1,-0.747212074546318,148
EPHA5,EDNRB,3,1.3712092971413554,1,-1.2991713157579308,191
PON1,NQO1,3,1.4016150799894884,1,0.922442012194984,38
ESR1,TNFSF11,3,1.6366804681353369,1,2.9907758046435307,10
KLK3,MYOD1,3,1.3582145816941988,1,-0.7618941267994267,151
PPP1R13L,FHL2,3,1.6615845266194782,1,0.4243246483037101,52
PIK3CA,HERC2,3,1.519400056823157,1,4.415968470981771,5
JAK3,ALK,3,1.4420289251682954,1,-1.047753766823845,172
PON1,CHN2,3,1.3911442958300402,1,-6.531172138983876,259
CDKN2A,TNFSF11,3,1.3274501442433817,1,0.9734981147552306,36
GAPDH,TFF3,3,1.5437296376431622,1,-0.12275836514470462,94
RRM2,PPP1R13L,3,1.597877113384058,1,-1.5912802689557592,210
MAP3K1,EPHX1,3,1.3642903138386302,1,3.5496114028291696,7
GADD45A,FANCC,3,1.4714831978319722,1,-0.03263744117152649,84
PARP1,BARD1,3,1.3692987804878012,1,-1.4037435729697867,198
STMN1,MAD1L1,3,1.50755759244689,1,-0.8496573205007487,156
BIRC7,TERC,3,1.6403258261211704,1,-2.4401174826872034,242
HMGB1,LIF,3,1.381359996503198,1,-0.15902925789398017,99
SOD2,MAD1L1,3,1.6036054397237525,1,-2.3770420572387785,241
BIRC7,DFFB,3,1.6060246852872044,1,0.17527024921971346,69
EIF4EBP1,FOS,3,1.464092726636947,1,0.16919158315378668,70
PTPRC,TPT1,3,1.3619826711251033,1,-0.6361662396587876,136
IGFBP3,RBX1,3,1.3349590173966437,1,-0.7689507393621889,152
MTOR,KDM5C,3,1.3588152504589583,1,0.8356952185481161,41
TYMS,ERBB2,3,1.4280832196870428,1,2.4168463158533253,14
UBE2I,COMT,3,1.414547895358007,1,-0.6486312178106445,139
GAPDH,COL18A1,3,1.3940648876650208,1,-1.4012085299746615,197
CCND1,CDKN2A,3,1.582002091528981,1,4.483512789255411,4
HLA-C,FHL2,3,1.495914695340522,1,0.3149081268495896,61
PGR,BRAF,3,1.5255270434478536,1,0.39721390759198505,56
AFP,TAF1,3,1.3781867230527336,1,-3.6897453643303684,258
RRM2,POLR2A,3,1.4122635370224703,1,-0.3128696915241258,115
TAF1,GATA3,3,1.5618340173966434,1,2.0045057712299332,20
MTOR,HRAS,3,1.3748281711688035,1,0.017203969279046067,81
PIK3R2,RB1,3,1.378246918436922,1,0.7642473355089983,42
KLK3,CCNA2,3,1.3255670840982663,1,-1.0817179292224706,176
KRAS,HLA-DRA,3,1.3288491607657882,1,-0.17603150491168967,100
PARP1,BRCA1,3,1.5188678468397647,1,-1.136265615673679,183
GADD45A,SP3,3,1.4853032913716149,1,-2.245131376990814,237
ZEB1,PPM1D,3,1.6914802954803865,1,1.4249290317107224,28
SMARCA4,BRCA2,3,1.499814542355102,1,-1.9947594158917337,226
ETS2,ACSS2,3,1.4446087944750428,1,-0.8470366404885205,155
PIK3R1,PI4KA,3,1.3546820941515838,1,-0.7223939415522692,145
IGF2,NR1I3,3,1.584319877174588,1,-1.0950383511871384,177
IL6R,DKK1,3,1.571102482734494,1,-3.3261587021816346,255
COMT,BRCA2,3,1.3647868957076916,1,0.27264112522124173,63
RPSA,EZH2,3,1.4399984745170027,1,-1.2618256937152652,188
LIG3,SMARCA4,3,1.4741690794649749,1,-1.6035074375679266,212
PPP2R5D,NOS3,3,1.3160341747530389,1,-0.07622618615985051,87
DFFB,EPHX1,3,1.3392574875426444,1,-1.100929428567575,178
PPP2R5D,EPHX1,3,1.323267770347064,1,1.8691795813881669,22
TPT1,RBX1,3,1.3559122606871412,1,-2.8374706363193978,251
PIK3R5,BRAF,3,1.4173090785907938,1,-0.8332310508140368,153
SGK1,CDK4,3,1.3472953623568502,1,0.19835499155469574,67
GADD45A,ACSS2,3,1.4217777143981287,1,0.6780227760461589,43
LRP2,EPHX1,3,1.3254957142232795,1,2.1106812525482126,17
TGM2,E2F7,3,1.3385479958912692,1,-1.0150708399559742,169
BRCA1,BRCA2,3,1.5082767265495285,1,-0.7499392884368287,149
FCGR2A,PIK3CA,3,1.4886475653466285,1,3.5196663917076165,8
GCLC,MAD1L1,3,1.3852140702858795,1,0.3901366572601562,57
STAT1,TERC,3,1.5208435899117,1,-0.9981417550924444,167
TYMP,NQO1,3,1.4819985291546285,1,-1.4139334394236223,199
MIR21,GRP,3,1.3996252119940653,1,-2.6556009261300946,247
LIG3,XRCC5,3,1.3642882725762675,1,1.8158149588136805,23
IRS1,PPP2R5D,3,1.4185895663956591,1,-0.6809174651632953,142
NCOA1,F5,3,1.3739974123612244,1,0.49817281015792997,49
SMAD4,TPT1,3,1.3281697831978423,1,-1.8799679804711367,223
F5,MYOD1,3,1.3311788027799594,1,-3.6544609834991397,257
HMGB1,EPHX1,3,1.3331074329049937,1,-0.9713563524868994,163
MYB,DKK1,3,1.5579915836174534,1,-2.546425728874063,244
MYB,CDC25C,3,1.3421534749541113,1,0.9624974348389784,37
LIF,TERC,3,1.4218111919748164,1,-0.27547524824124375,112
SMARCA4,TERC,3,1.602755564297568,1,-2.240876894027713,236
SPG7,FBXW7,3,1.5428625579159174,1,-1.1583622911130884,184
BIRC7,ACSS2,3,1.5624133884081033,1,-3.060924138605632,253
CDKN1B,HLA-C,3,1.4070502491476704,1,0.564938485246184,48
GADD45A,EZH2,3,1.5166134211906677,1,-2.6138692209512997,245
NRAS,PGR,3,1.525017370399515,1,1.354612678544347,30
CYP1A1,AREG,3,1.517560979980754,1,-2.1887307248550867,233
TYMP,NOS3,3,1.3009642145292375,1,-0.5541707974613507,128
NRAS,TSC2,3,1.4302452137424746,1,0.027237346191647634,79
ACSS2,FANCC,3,1.450704193985496,1,0.18488524123374164,68
CD274,ALK,3,1.4196909673048437,1,-0.9654886133628877,162
NRAS,TSC1,3,1.4488588753387717,1,-0.9863525463646307,166
SMARCA4,FANCC,3,1.574548610018347,1,0.027138430834390832,80
SMARCA4,CDC25C,3,1.4536379185243389,1,-1.281036418683181,189
MYB,EZH2,3,1.508194389806813,1,-2.4725591310856774,243
ERCC2,XRCC5,3,1.3138983084185742,1,-1.809270867076398,220
SPG7,ACSS2,3,1.3677421125098466,1,1.9437696387891048,21
FCGR3A,PIK3CA,3,1.5519993203077114,1,5.554271047068291,1
CHEK1,ATM,3,1.3718214288836403,1,-0.3007892840027102,114
SMARCB1,PRKX,3,1.3137634037066217,1,-2.1159545813719456,231
AKT2,BARD1,3,1.393378743771308,1,-1.7768439248734622,217
FCGR2A,BARD1,3,1.4416474844828997,1,-1.7046062126513635,216
MTOR,BRCA2,3,1.3815158645860637,1,-1.0042560196324763,168
TAF1,MYOD1,3,1.4661573367427303,1,-0.1908914585164948,102
HLA-DRB1,NRG1,3,1.437138001573549,1,-0.8894774931223867,160
GNAQ,MPL,3,1.5307699165136732,1,-1.0250948392732004,170
BRCA2,ATR,3,1.3555347080164353,1,0.07978463006726395,75
CHEK1,MYC,3,1.316142488416812,1,-1.0558571446494953,174
CCND1,DYRK1B,3,1.636134906897456,1,2.8280853207819563,11
DYRK1B,CCND3,3,1.4496673135763525,1,-0.6373838430753123,137
DYRK1B,PRKX,3,1.389072167584577,1,-1.1792873054814212,185
KLK3,BARD1,3,1.323942623918164,1,-0.6361559879349041,135
SELE,TYMP,3,1.3511591594545005,1,-1.3084183506245248,192
PLD2,TFF3,3,1.4946900887315362,1,-2.889028786366516,252
GNAQ,NRAS,3,1.4642926872978492,1,-0.5999072026084721,130
SMAD4,IGF2,3,1.3280572733630676,1,-0.45346535244433706,119
ERBB4,NRG1,3,1.4399408296179663,1,-0.18225137324550342,101
SLC10A2,GAS6,3,1.4866024499519117,1,-0.20768553997787959,106
PON1,DKK1,3,1.477799781449411,1,-0.19698699696214833,105
CCND1,ICAM3,3,1.6014546879097988,1,0.11062236254805298,74
ARID1A,ALK,3,1.4244527165836285,1,0.6409517411122789,44
ZEB1,GADD45A,3,1.4612948728035704,1,0.058035901076959134,77
XRCC5,GCLC,3,1.3907003453099236,1,-2.7266094110429244,248
LIG3,MIR21,3,1.3661303632310435,1,-1.3230541134746292,193
COMT,ATR,3,1.3693800616312757,1,-0.03919802874883748,85
ERCC2,GAS6,3,1.4445811172305287,1,-0.9743908643833993,164
GNL3,CDKN1A,3,1.5075622934697162,1,-2.2839995625475202,238
CDH1,ERBB2,3,1.5554290278870546,1,4.858563035737801,2
RB1,HRAS,3,1.3123884867558342,1,-0.028441627750227058,83
APC,PIK3CA,3,1.4289879360083972,1,2.2903203479008574,15
PIK3C2G,RB1,3,1.3947892800944155,1,-0.8690705539697519,159
NCF4,GADD45A,3,1.4153945865023196,1,0.2539093091649111,64
SPG7,MAP3K1,3,1.4363862356849353,1,3.4377052470609453,9
TUBB,BRCA2,3,1.4412859756097802,1,-1.575243120861667,208
CBLB,FOXO1,3,1.3896295086983104,1,0.27292442866728556,62
GNRH1,ESR1,3,1.7152601822711748,1,1.291963213924533,31
GADD45A,GRP,3,1.4045985160416246,1,0.006189374464153403,82
MMP2,TNFRSF11B,3,1.3298634386747263,1,-1.5248530573717411,206
PIK3R2,BRAF,3,1.4182338207011185,1,-0.6767441561786032,140
SMARCA4,CCND3,3,1.5362222047381646,1,-0.6018491050164227,132
RNF8,FBXW7,3,1.5547046594982277,1,-2.1212277142804585,232
FOXO1,NQO1,3,1.540061797359899,1,-2.2172553931505705,235
CYBA,CDKN1B,3,1.4417807369525342,1,-0.07154164700111987,86
GNL3,SMAD4,3,1.4594409563773256,1,-0.2534798325885067,111
MIR21,GSTP1,3,1.3946578918611865,1,-2.010593977366835,227
CYBA,PPM1D,3,1.656522510708987,1,-0.19203542685064812,103
IL6R,PON1,3,1.358637752425892,1,-1.048807299707315,173
UBE2I,LRP2,3,1.455580649532303,1,-1.6594658884997333,215
ADCY2,TYMP,3,1.3287672174141036,1,-1.430168732579125,202
GATA3,BMP7,3,1.3957874398985917,1,2.0479131478803727,19
PPP1R13L,EPHX1,3,1.431144907771678,1,-0.5182280784021427,123
BRAF,SGK1,3,1.4264377524259224,1,-1.7953125189022345,218
GNAQ,RPTOR,3,1.6170404034443635,1,-1.4191550179314536,200
NCF4,MYOD1,3,1.4116250743071923,1,-0.08445397676421416,90
HMGB1,GRP,3,1.4212807544365962,1,-0.7123880122287354,144
VEGFA,TYMP,3,1.4582287219162469,1,-0.9170706100893665,161
STAT1,MAP3K1,3,1.511575275373719,1,1.5795156877659207,27
ERCC2,MDM4,3,1.4230359974648117,1,-0.6211577863905521,134
LIF,EDNRB,3,1.307320524084279,1,0.3341486151313479,60
CCND1,KIR2DS4,3,1.6056336502316544,1,1.6949262392301283,25
NOTCH1,PGR,4,1.851176440248271,1,1.852468821246417,3
NOTCH1,MPL,4,1.7588015757496276,1,-0.38100828729634223,4
SMARCA4,NOTCH1,4,1.8335854794999555,1,1.8546482205226293,2
GNAQ,NOTCH1,4,1.790451757146606,1,3.30531798702123,1
NOTCH1,VHL,4,1.7757650122388355,1,-0.8167438847136301,5
